e34cdab5-c2b4-40eb-807b-d9d31474a36e,Chevrolet,Avalanche,2009,8334.23,2003-11-10
4b26b6d7-94fb-4f3a-8dff-eb88df03fd8b,Pontiac,Vibe,2007,3851.67,2017-02-22
04afd22a-a1e9-4853-94b0-c1dab380bff4,GMC,Savana 1500,2005,9307.33,2016-11-20
360c053c-3c6f-4e97-adc1-cab3fe464a25,Nissan,350Z,2008,1791.08,2007-04-21
2d0af2c2-d234-4146-b390-8f3aac402e4e,Subaru,Alcyone SVX,1994,3183.11,2002-12-28
737b5fff-ce84-45b1-b910-3c7556e108f5,Buick,LeSabre,2005,9801.47,2018-01-06
02f2216c-e698-49fc-8f93-90708dd8af2e,Ford,Thunderbird,1996,4369.71,2008-12-24
593e83ae-372f-4798-95a0-dbce066334cb,Pontiac,Tempest,1961,9187.39,2017-07-09
f998b142-ed17-452e-bc64-da545e1a9d23,Subaru,XT,1985,4633.99,2008-06-03
475e36db-a904-4bd1-b283-05af1014a1a2,Mazda,MX-5,1994,7003.72,2006-07-10
08b58fe6-bddc-422b-aa10-782bf0429ae5,Kia,Rio,2012,3065.35,2017-11-25
8ce01118-236f-4df7-9e9c-2a878f811632,Toyota,Highlander,2001,151.92,2013-01-24
84f40c27-e971-4533-b21f-52b46c86ce77,Acura,SLX,1998,4726.17,2011-07-10
addfae0d-e81a-41de-aad1-ad91ec432a8e,Mazda,CX-7,2012,1285.45,2019-07-29
c3a2b537-146d-4d43-b4c9-861c662414ad,Volkswagen,Jetta,2007,3728.62,2005-01-28
7526409b-cc4e-4598-a75d-11fae438e6b8,Ford,Th!nk,2001,9566.91,2006-05-30
c411e68f-57e5-42dc-95a1-795d0dacefdf,GMC,2500 Club Coupe,1998,6510.94,2017-12-26
bfda3bb4-9336-4a88-87bc-81b7a537156e,Chevrolet,HHR,2010,7710.31,2018-02-19
fd4c843c-53df-4a01-b0ee-de0388591c97,Dodge,Colt,1989,1024.16,2015-06-25
9a6abfc4-857f-42c7-b0e1-8b64c3234d86,GMC,Envoy,2006,4936.19,2011-11-30
249fecb4-f504-4396-8aec-1264ab2a0a59,BMW,645,2005,9954.20,2011-02-19
e0b64f58-8cb9-4e23-bbbc-b3f356ed45ef,Cadillac,DeVille,2003,5859.67,2015-06-02
f299fd80-03ec-46b2-b1af-9b838e3676f8,Acura,NSX,2001,4873.97,2002-04-27
26b0964f-c267-4cf9-a58d-e3538a33b79a,Toyota,RAV4,1997,2246.29,2013-01-28
d4730855-4f7c-45a4-ba0b-90f2a4972696,Toyota,Camry,2012,1370.49,2002-06-06
0bc3134e-8359-4136-8cca-1431716358b7,Mazda,MX-5,1997,8140.55,2002-04-11
db1b8657-37b0-4806-8a34-87df2578cf96,Cadillac,Escalade,2002,8932.05,2006-11-30
35f86518-f64f-4aeb-9259-bb97495e4f0e,Land Rover,LR4,2011,4660.06,2011-06-01
2eaaf339-0f94-424b-a000-7762c34967cb,Honda,Ridgeline,2007,9704.04,2005-10-09
ef0af166-40c4-4555-b918-50ffd747aed6,Dodge,Intrepid,1994,2805.09,2011-10-21
ecdda959-2200-4c18-9b63-6b36b1fd71ae,Dodge,Aries,1981,6933.46,2005-08-26
afefb239-4567-47a2-a69c-1e46c49a1b78,Buick,Century,1998,9505.66,2004-06-08
11199e2a-06de-4b81-8a1a-44a9513d4f08,Toyota,Tacoma,2008,2836.39,2009-03-14
2cb52443-a424-4c21-be5a-b328020d2c36,Pontiac,Grand Prix,1977,2911.39,2004-11-29
9202f2da-18d2-4d5d-bf02-3e0cf6c5c66e,Pontiac,Tempest,1965,3707.55,2006-09-20
a555a96e-6136-46d2-8e3d-b695060268f2,Dodge,Ram Van 2500,2003,6851.59,2005-10-14
e274d03f-1e40-4b83-8756-27db0024d43c,Oldsmobile,Toronado,1966,7633.78,2005-01-09
3606a770-43ed-4f2a-ad8a-992f128f938e,Buick,Lucerne,2006,6564.13,2014-02-03
8cd84bfe-b762-48e2-8f7a-f217715d3922,Buick,Lucerne,2010,2386.87,2014-10-21
ba43c2ee-53b7-40e4-a859-044d4d8fe774,Isuzu,Trooper,2001,2864.45,2004-08-07
835a0dd2-27dc-403c-a5c6-c0e984b60675,Kia,Sephia,2001,5978.24,2003-04-06
7e13e697-557a-4099-a262-d85664f86e41,Buick,Park Avenue,1993,4613.74,2015-11-10
a0d069aa-f007-426e-b4eb-32a989d70fa2,Volvo,XC90,2008,8679.40,2014-11-02
b97d250e-b27d-4745-8ffa-9c6246d8ecfd,Kia,Sportage,2000,6218.97,2002-09-25
b8cf2e6d-9341-45fe-a53e-ca72263e1a00,GMC,Sierra 3500,2000,9677.48,2012-07-16
96c9a002-e163-46e9-98d9-a59c0df0afc3,Buick,LeSabre,1992,4792.63,2015-01-25
833939c8-f479-493c-a4c4-67fee7daa6a8,Audi,S4,2000,8814.49,2015-06-24
61538325-bb51-4bf9-ae89-5b3eb9ea3718,Cadillac,Escalade ESV,2008,3927.00,2004-06-11
c19c7456-9220-4ff7-9ff8-07a38c70a7e0,Volvo,XC70,2005,5674.93,2003-02-19
c19e214e-cec0-4729-93ee-362f474980b5,Audi,Coupe GT,1987,5809.80,2005-04-23
21eef0e1-25b5-4237-bddb-25714ec30074,Mercedes-Benz,E-Class,2011,8196.61,2010-10-19
3e6d6436-d903-472c-93d6-c3d330b91392,Mitsubishi,Galant,1987,2640.50,2012-05-31
53479277-acee-411e-a032-9a2e8de35d05,Buick,Century,1990,7778.46,2016-06-03
70fbc12d-50f5-4be2-bc0b-f3c2ccbebe4c,BMW,X5,2005,1458.60,2014-11-27
94f317b5-b76f-4618-b383-f4d9892bb61d,Pontiac,Turbo Firefly,1990,380.70,2016-12-24
9d4fc2eb-171e-4b4a-b9b1-abb75b73b509,Mazda,Miata MX-5,2006,4064.29,2002-04-25
7fb06044-378a-476a-a4c2-f0a082be02c6,Mercury,Sable,1999,7342.07,2002-09-22
2d11d143-7934-47a8-88a0-d032db649e1c,Bentley,Continental Flying Spur,2012,1916.32,2010-03-12
b8a4662c-7e13-4dfc-b7ec-13f5fed9a70e,Hyundai,Tiburon,2006,8295.35,2002-01-19
6471ab8b-8f39-49fd-ab3f-be83ab96fa20,Volkswagen,Golf III,1994,9549.02,2018-07-19
468e0791-8350-4f42-9a23-3c22c1cf89c0,Volkswagen,GTI,1991,9789.97,2018-05-10
b6603108-ec80-4800-a0e9-fccd45620a53,Mitsubishi,Chariot,1991,7704.85,2001-05-07
635a3326-3cbd-4dc1-9ddc-969da2c2585d,Subaru,Forester,1998,6247.79,2010-08-31
305c8254-7d34-4fb3-ab0d-ebbe363c35c2,BMW,1 Series,2008,7481.68,2013-06-10
3e0db4fa-9521-4db1-b17a-1a29afe5e1ea,GMC,Savana 1500,2003,475.82,2010-04-21
ba97e0ac-daa2-420d-9ac6-8a2e7f3a935c,Aston Martin,Vantage,2008,1849.91,2003-11-30
546fcc24-1b7c-4f27-b34e-c60f6ca80e52,Mazda,Miata MX-5,2002,7630.78,2016-06-14
b57a03e0-4d9e-4a23-931f-32ffe073e70e,Chevrolet,G-Series 1500,1996,9599.13,2010-10-25
d4019d56-815a-4840-8a43-3722e4644698,GMC,Yukon,1993,9096.39,2014-05-18
70d8f4c0-4081-4b29-a66c-c55ee083a8da,Buick,Regal,1987,3434.84,2004-05-28
aae763f8-5859-48cb-bbaf-d812362c989f,Mazda,B-Series,1991,8120.06,2018-06-27
faefe1a4-f957-4354-91f4-108807e6e40d,Buick,Skyhawk,1984,2581.05,2014-03-11
0d3bb19e-675f-4cb7-b364-cdbeb49498f5,GMC,Yukon XL 1500,2008,9414.81,2009-03-12
70472737-f92a-48eb-92ee-93ed36086568,Lexus,ES,1996,7073.04,2009-09-14
d2cf64d3-32d5-4fad-97a7-c1690c456a63,Mercury,Grand Marquis,1989,8655.02,2018-10-12
4055960f-2221-4635-a44d-2a1060e8c3ae,Plymouth,Colt Vista,1992,4538.45,2005-09-28
dbcf4e63-9f25-404f-9501-de8611a2acd9,Rolls-Royce,Ghost,2012,3792.78,2009-03-26
000490c3-fb1c-4474-ade8-4bbb2de61c46,Chevrolet,TrailBlazer,2009,5801.92,2010-10-20
a2aec13e-3c47-4486-b91a-0d5341e12844,GMC,1500,1993,4062.09,2003-10-19
2109fdba-6b67-4ddf-a584-8bc5d6faa3b0,Lotus,Exige,2010,7248.12,2015-08-06
012b0cc6-f032-4069-92cf-c80e26866de7,Buick,Rendezvous,2005,5333.08,2014-06-04
d976c1c2-1a93-4f99-bc6e-d3c5dde35f95,Acura,RL,2012,3915.95,2000-12-19
2141c91b-5625-4988-a0bd-8817556addac,Porsche,Cayenne,2012,3905.50,2002-08-09
3bc2910a-d6ba-422c-9d4b-61af19ae8827,Mitsubishi,Mirage,1984,4060.73,2015-03-23
18afb1f9-200e-48bb-9099-cce91c034475,Audi,A4,2009,8487.24,2013-10-09
ab32b537-c714-4c4b-8da5-97afa356710a,Kia,Mohave/Borrego,2009,8545.85,2004-08-07
504a7eef-ab66-4a70-a6fe-ba9871a46a02,Maybach,62,2012,7016.14,2018-11-11
3aae35e7-a700-4a6c-9d95-06e574a41ec1,Chrysler,LHS,1995,8230.94,2017-10-15
02a3aa97-4add-4018-804a-c56238e39f57,Volvo,XC90,2011,6404.06,2001-12-20
3c9c14fb-29b8-4aa3-bcd5-b47970d59d6f,Scion,tC,2011,9547.92,2013-02-10
857f29dc-1886-464d-beaf-c0057e7483be,Jeep,Grand Cherokee,2008,4386.50,2006-12-28
9b898f9e-be98-463f-8545-043e0272f472,Cadillac,Eldorado,1992,5431.00,2011-12-02
1a932475-a67c-4628-94bb-f1d00d55e4fb,Chrysler,300M,2002,744.30,2015-06-07
dffd806f-ce88-4b95-9582-3b4bbb242211,Ford,Edge,2010,5970.82,2004-05-27
621368be-de2e-4744-a300-51b0bb6d9555,Pontiac,Grand Prix,1990,8565.39,2003-10-07
b5a4ca75-f318-4cc0-99b9-ece7507bdced,Chevrolet,Suburban 2500,2009,2712.60,2014-07-07
185aec48-48e9-4f71-8f1c-5d08c4d490da,Chrysler,Imperial,1926,4897.15,2007-08-16
0343a09f-17de-4dc9-b776-6ac4767e585d,Mazda,626,1995,8760.91,2005-04-03
3fe1e969-926b-4fb2-996d-a5da60e96b00,Subaru,Legacy,1991,2705.68,2013-08-29
f6f35dce-1778-46cb-9650-0df46ae10a7a,BMW,X5,2003,9555.32,2014-02-25
3f4eff07-2d89-4159-9ab8-8272f6bfafeb,Lexus,IS F,2008,1455.38,2009-07-25
deaeeff0-5297-4472-a383-460ee3675e5a,Toyota,Avalon,2000,4234.50,2004-09-10
d76c61d2-a668-4dbb-bc3e-9c42555e9fe7,Subaru,Legacy,1990,3692.38,2016-02-27
f109cccb-eb25-4c9c-bb17-6694f98c66ee,Chrysler,New Yorker,1992,3172.40,2009-10-22
8dfd2a55-855a-490a-a793-e582a2a1e0c8,Ford,E250,1984,3420.13,2018-06-09
d67fec16-7254-4644-ba7c-cf3617648b64,Cadillac,Escalade ESV,2007,9382.24,2008-12-11
60964910-b4fe-4dc2-8d56-e0704c8f2a35,GMC,Yukon XL 1500,2004,5990.04,2010-11-17
0274463b-b11c-4369-9d14-e40b9959010e,Subaru,Legacy,2003,6485.48,2001-10-24
149e35e0-f1ad-491c-90ee-4fbc19721bbc,Toyota,Tercel,1995,2835.90,2015-12-05
1484f24a-c17c-4200-b77f-dbb757e7dc23,Honda,Civic GX,2003,7732.78,2003-12-03
409d0eb1-b7c6-4ce4-bdfd-e3074f49b7ef,Infiniti,G,2004,4661.82,2018-09-08
73270776-8865-4c6e-93a2-fa92d6b48237,Nissan,Xterra,2007,8865.75,2003-07-19
e7b54989-48fa-48d6-a82b-b9e02cf0ad97,Lexus,ES,1999,6343.96,2015-12-16
d0d37d4c-99ec-46dc-bf4e-ebfa5e5db1b1,Saab,9000,1999,6990.94,2009-12-16
d9b35db4-0d3f-48aa-8c99-9104a61dc6d8,Lamborghini,Gallardo,2010,9377.19,2009-08-04
2f780a0d-2778-4a5d-8988-9e6306ca2918,Toyota,RAV4,2001,346.34,2004-02-29
1ea899fa-0fcb-447c-992a-aa473f937c58,Toyota,Matrix,2007,1467.23,2010-10-21
a72a177e-2329-4c1c-bcdc-4cbb260b2a63,Toyota,Matrix,2008,5815.16,2002-12-22
8fa4a50d-198c-4e79-afcc-68d4493391ed,Audi,Quattro,1993,2583.62,2019-06-26
9c399ef0-2c14-40d5-979c-3efd2363725b,Toyota,FJ Cruiser,2007,6755.24,2012-05-09
a1ce0c7f-0495-4923-9e22-981511c54dea,Chevrolet,Tahoe,1995,4125.86,2018-01-13
233b3947-e7e2-41b0-ae6e-27589790114d,Lamborghini,Aventador,2012,2465.10,2006-12-27
a50ff290-780f-4677-86de-54462291f725,Mercedes-Benz,S-Class,1997,201.04,2008-02-23
b74c28ea-3900-4e17-a78d-f0d78cd264c5,Mercedes-Benz,SL-Class,1993,886.29,2011-10-21
c549d462-e6c4-4787-8b06-3b8541ffeabc,Isuzu,i-Series,2008,1584.36,2004-02-25
cbde6547-00b6-4ca0-b61e-8c52d307ca8b,Volkswagen,Golf,2004,951.93,2005-05-12
d06f45ea-c2ae-4af3-9ccc-c805a699b300,Scion,xA,2004,8931.06,2004-12-24
da033624-34ae-4574-b847-7bc213a7dc01,Jeep,Liberty,2005,2297.41,2016-09-16
870261fe-c17a-4da2-a73a-1d15d2a854e9,Aston Martin,Vanquish S,2006,4896.23,2007-06-24
a9dc519f-92e8-4a47-9c49-5525f00bbb5e,Honda,Civic Si,2005,6117.02,2001-12-08
b272d7ea-a4b7-4f48-b145-b141049d6551,Honda,Accord,2000,6653.57,2005-11-18
e84462e0-cc65-4665-b106-29f58be25728,Toyota,Xtra,1994,5093.57,2015-11-17
7e25f7dd-29ca-450d-804c-18264c0401b4,GMC,Vandura G3500,1996,9125.88,2017-01-24
42e12d69-9e0d-48a2-b9ee-b92ff24db8dc,Ford,Escape,2005,570.66,2013-01-08
293ee74c-29ba-4edc-bd39-21c21445697b,Mitsubishi,Chariot,1986,6984.47,2004-08-24
0cbb16cd-e354-4b7a-a6b5-89315a1a3d05,Mercedes-Benz,CLS-Class,2009,1957.74,2002-11-01
0688b36c-2a1a-498d-a132-c30de68f32a3,Chevrolet,Blazer,1999,4229.06,2011-08-01
c9803454-624e-4dea-9be1-00f4232a6ea0,Dodge,Stratus,1996,991.62,2014-01-04
ccd174e4-ad89-4fa8-b8ec-84306c585d31,Mercedes-Benz,SLK-Class,2004,7440.40,2004-12-25
135c7473-0482-4f8c-ba9a-49d2e2846f94,Honda,Civic,2003,334.00,2011-01-01
1b4ea730-6b8f-474b-b261-11c8a0d5611f,Lexus,LFA,2012,8009.07,2013-08-30
b1022f94-a0a1-45ed-98b2-b320bc8826a7,Kia,Sportage,1996,5958.72,2011-04-14
8b8f92b9-db4f-40f6-8bc4-e2955e3ea056,Volkswagen,rio,1998,8196.36,2017-05-07
e543d3d1-d931-487c-b5cf-031e8012b148,Chevrolet,Tracker,2002,5126.10,2004-11-19
e38746fd-fe4a-40bb-a660-fb0413de562b,Pontiac,Sunbird,1993,255.19,2004-11-22
a2051197-059b-4eab-8f7b-1cd32ef95b07,Subaru,Legacy,1989,2740.18,2002-01-31
c57d9aa3-026f-42ce-a1f5-396d53352fe7,Volkswagen,GTI,1998,4475.80,2008-10-10
3a37b25b-72db-41cc-97e0-c9dcec7b8af8,Dodge,Caravan,2009,3899.18,2016-05-08
dbcc91bb-7d13-4996-9e00-009a6535839b,Oldsmobile,Alero,2004,7299.84,2003-11-22
d58f1501-063a-488e-8c02-c4b9ee53779a,Mitsubishi,Pajero,2003,8481.27,2012-02-06
0f37bcc8-7f32-4912-987b-cf6e996209ef,Hyundai,Genesis,2010,5417.21,2003-05-10
d3dc3419-5b13-4d80-a750-7e13781ade26,Cadillac,XLR,2006,5557.65,2010-10-14
3674c7e2-c40a-4532-b09e-c339c6db6fdc,BMW,650,2006,1009.27,2016-04-29
2f8e6052-110e-4c34-a68d-97514e633617,Suzuki,Vitara,2000,6118.33,2012-08-31
9671a22e-ba3a-40d9-81d9-d43b5047e77f,Mercedes-Benz,300D,1992,2303.45,2016-05-17
72f0dbc2-82f4-43fb-9316-637d960d9cb6,Ford,Tempo,1985,457.31,2003-01-20
7f529cea-fe49-41ec-ba4a-6ee4fa3c1dd2,GMC,Envoy,2000,5728.19,2015-12-16
397721e4-4dcf-4220-8479-c43b47bf15ab,Audi,90,1990,6766.94,2001-10-02
39ce9f4d-a4bd-4d19-bb2c-42f17c97938c,Chevrolet,Camaro,1975,3014.70,2013-04-12
cf7dbb93-41e4-4972-b458-ed66affec1c5,Toyota,TundraMax,2007,7563.70,2017-06-08
6d31b161-ac4c-4565-aaa5-6d41f12fd9fd,Chevrolet,Equinox,2008,8594.53,2016-01-07
e30baae3-ed78-4ded-bb63-8f2ffba030bf,Hummer,H1,1998,6450.12,2001-09-28
2b1fcc15-6a95-41a6-8bd6-663ad48232ee,Mazda,Tribute,2002,5609.77,2004-05-19
c3729f56-eb96-41cd-a631-39b4e0a35f4e,Porsche,Cayenne,2008,1511.50,2010-03-27
32b5598b-5158-414d-ad3d-7a9b8d63b6fd,Volkswagen,GTI,1991,3418.59,2004-11-26
2fb00f70-5265-48a6-a8df-1e6711b60711,Chevrolet,Blazer,1997,3274.12,2018-01-11
b389b102-f7b7-48e8-b2cd-21701fddaa99,Chevrolet,Camaro,2000,8831.07,2008-07-27
71049051-7325-48c6-b052-d03771d3c96e,Chevrolet,Equinox,2006,9324.49,2019-09-02
c9a48c0b-6831-49d9-8b02-06b3e14ff96e,Chevrolet,Astro,2004,7687.65,2007-08-11
ff7d1b66-f742-4836-871c-5873c1e6d808,Volvo,S70,1999,1566.26,2004-10-13
374f69bd-b315-4c3e-ad44-2799410cd511,GMC,Sierra 1500,2010,782.52,2014-01-31
a5f02e79-70ab-49d8-950c-83e71b294434,Aston Martin,Vanquish S,2006,5439.97,2011-01-02
3802b00c-3341-4ec6-9383-57b104a38330,Subaru,Forester,2007,9195.73,2009-10-08
3cc61760-93cd-4064-b2aa-74873a860723,Mercury,Sable,1993,2716.33,2008-03-20
3c17da51-9c78-4aee-9a85-e9b70304dba2,Chevrolet,Camaro,2012,8622.09,2003-03-09
65d8a8a9-622d-4e0b-9914-9a7116de3db4,Chevrolet,Blazer,1998,981.26,2017-07-27
a2139cf8-68ee-405b-8842-15b303dc6d07,Jaguar,XJ Series,1996,4595.24,2002-07-19
6c059f18-097c-4ed7-9eff-d0b0b13dbe3f,Mazda,MPV,2004,2092.55,2013-06-12
aff60e49-5dde-4c87-8def-9c936ab3c3e7,Acura,CL,2003,2880.34,2008-11-24
e30b51ac-5679-48fb-8979-0a38fd7b6140,BMW,M5,2002,8005.98,2005-03-18
dde0df1d-777c-4bd3-a86f-8cd42c448474,GMC,Rally Wagon G3500,1995,168.42,2014-03-29
2ea745b4-34b3-4780-b153-65048441d710,Ford,Econoline E350,1992,2825.13,2001-09-13
3589712b-095a-40df-b821-a6217b3455f1,Ford,Taurus,1998,210.51,2006-08-11
a74f403c-f330-4a7b-80ae-abb2fe180fec,Mitsubishi,Precis,1992,9188.49,2013-12-18
609f3ce5-816b-4363-92ed-9436c1ad06b3,Isuzu,Hombre Space,1999,5517.17,2002-03-02
216d5093-e3d6-4252-b62f-e86769491f33,Chevrolet,Express 1500,2004,5153.86,2003-05-19
20a4ad0e-da8f-42e4-a047-ccf0366ae003,Saturn,Ion,2005,2752.64,2019-06-06
c8e83f4a-6d5f-4e64-a5fe-147418952289,Mazda,MX-6,1996,3401.12,2012-11-27
778df4e3-a779-4ae4-8235-567c183ae79f,Saab,900,1991,6471.41,2014-04-04
5eddd47c-e5e1-435a-ae15-be20038afb3b,Toyota,Corolla,2001,793.82,2008-12-20
de977f63-bc5f-4ced-afc6-719b811117c2,Mitsubishi,Lancer,2010,2625.01,2004-09-19
43495f8e-eecc-4fb5-92a8-035ec24440ba,Mercedes-Benz,600SEL,1993,2658.09,2011-04-03
ffbb0efe-18ce-484a-a7bd-27c1a710dea1,Chevrolet,Uplander,2008,1088.38,2019-09-03
94cd28af-14f3-4ef6-bff4-c91b612256ed,Pontiac,GTO,2004,9606.32,2006-08-29
dba9a8f6-8790-4695-8182-b780160083bc,Toyota,Prius,2012,9266.35,2013-03-15
0465f502-66e2-473f-9bc6-9cca2dfd1a87,Dodge,D150 Club,1993,8310.69,2013-05-05
dc192ed6-97de-4665-bf2c-c6a09ada3b75,BMW,760,2005,6308.45,2011-04-23
0f1527be-e0a3-4c7b-a03f-4bec9e07c6c0,Porsche,928,1989,2646.69,2016-07-14
2bfef0a2-813e-402d-a75c-6ecdfc7ded7f,Acura,TSX,2009,3312.12,2019-04-25
5d54731b-d93e-4824-870a-9e91594c64af,Toyota,MR2,2004,4061.88,2013-07-27
6cb6a33b-f601-4633-94d4-b33b1b9e4902,Isuzu,Trooper,1999,7677.31,2003-04-18
23b4d34c-1dba-43fb-939e-621d6ae12d3d,Plymouth,Prowler,2000,5320.58,2013-02-26
b8c4db30-efba-43b2-a716-fd29df19b621,Chevrolet,Cavalier,2003,7171.60,2004-09-12
bcb512a6-38a3-48ec-b9fe-042c58520b9b,Toyota,4Runner,1993,2871.18,2016-09-02
bd46d886-ad92-409e-aacc-82eeff8dccda,Isuzu,Trooper,1995,7361.82,2011-11-07
729945cc-965c-48a7-a6c1-bc7ccc3f285d,Toyota,Sienna,2007,6248.19,2010-11-13
cbfb16f7-ced5-4c89-9100-549f3c062516,Isuzu,Stylus,1992,2320.82,2004-03-08
74d05570-f9e3-4742-a221-c617cabbd996,Buick,LeSabre,2001,4670.87,2015-05-06
57c5e6fd-26f2-48b4-82d8-dd7311c05b89,Acura,Integra,2000,532.03,2001-07-18
85aa9ffa-31b1-4aa6-ad03-076cb49a2756,Suzuki,Aerio,2006,9629.19,2005-10-25
cf8dac7c-24e1-49b9-8964-cfbe6e762727,Cadillac,Catera,1997,7282.57,2015-11-17
20e82434-d5db-4219-a393-1856157ed1b9,Cadillac,STS-V,2006,8510.10,2000-12-06
dd88729d-546b-406b-9569-ea600999791d,Toyota,MR2,1986,9520.04,2006-06-29
a38c3d93-e016-42a3-a55e-48d58bd81ffe,Volkswagen,Rabbit,2009,8623.69,2013-12-16
1de94f32-9559-4e25-a5d6-6d3bd17e810b,Volkswagen,Golf,1994,4478.90,2019-04-30
e2474a1f-7146-474e-bea1-1a89f751ed2c,Pontiac,Grand Prix,1969,9696.88,2007-07-13
abb6d6f9-cbf8-466c-82d1-5dec8e68ecf6,Pontiac,Firefly,1987,6129.82,2018-10-03
5f1aa911-b946-406e-8f86-7e4c5bf28975,Mercury,Mountaineer,2005,9221.67,2002-01-30
4df1fff5-3f5e-4fe2-836e-652f5bff35e6,Subaru,Legacy,1998,9367.22,2015-10-02
a28eda93-02ea-40da-93d8-3e74a7cabdc8,Chrysler,Town & Country,2000,9534.26,2016-12-04
65bd754f-1ab4-4fd9-9cc1-1c36806d4d74,Dodge,Dakota Club,1993,5465.21,2011-04-16
fabcb466-e334-4a61-8cca-dccc392096ca,Buick,Roadmaster,1993,7007.43,2004-07-06
5ca17101-3465-4558-9d1a-4529519bb8a3,Mazda,Protege,1992,2558.14,2005-03-01
89af3f97-d9a7-4a3d-9308-5ed5b8e3e81e,Chevrolet,Blazer,2002,1036.95,2011-04-16
aa761e76-aa9a-4781-ad72-48ebb46a2a70,Mercury,Sable,2009,4396.16,2019-02-03
9530d370-acba-47b3-a39a-29df36117eaf,Ford,Taurus,2009,6378.62,2017-02-08
54f49997-5e83-466a-93d8-8c448e34da43,Bentley,Continental,2006,5384.52,2013-08-08
ab097bea-4009-4f53-8b1c-f5b96429a3ad,Chevrolet,Avalanche,2012,9065.10,2017-05-14
e4975b50-5076-4d66-96d2-f5c9955972ac,Ford,Mustang,2010,9830.56,2016-12-11
0eb6cd7e-a864-412a-84fb-63eb6ff21701,Dodge,Ram 1500,1994,1986.44,2019-09-02
592b0c6f-d927-4e20-b942-beefbd8d5556,Lexus,LS,1996,8505.82,2008-04-12
0176367a-fad0-4e0e-b096-e0680bf789e5,Mercury,Sable,1998,2270.94,2014-07-08
a2effa0c-fbc2-47d2-841b-68a5b68c2aa6,Nissan,Titan,2009,3187.54,2003-05-25
4d223599-d047-4352-8e0f-f424189e176f,Mazda,B-Series,1999,938.20,2013-04-10
101aa300-ddbb-4930-bde1-ce50b62b0955,Nissan,Pathfinder,2003,2762.70,2015-06-17
0c2a9d3c-2c98-42c2-924f-90f3dd6657fa,Daewoo,Leganza,2000,891.93,2011-01-07
c2d1b5cd-3a22-405c-ba49-7fb3bfbfae20,Mitsubishi,Chariot,1988,9176.10,2017-08-30
2af5a8fe-0915-444f-be60-bf28bdb7f9f5,Hyundai,Santa Fe,2006,2580.09,2010-09-07
6f53edea-b53c-4fc0-900c-b509616755e7,Mercedes-Benz,GL-Class,2007,8399.60,2016-03-11
69d4f47b-a479-42fd-907a-3cb74fb0830d,Mercedes-Benz,E-Class,2006,9217.73,2015-02-28
27e84108-819f-486c-9251-822d85023d39,Lexus,LS,2010,7804.85,2008-01-06
5ef46c50-6a4e-4a92-af8b-17f432f190bf,Oldsmobile,Achieva,1995,2435.40,2007-02-20
6d93ab53-3500-46f7-bd18-535f559b4507,Nissan,Sentra,2005,735.60,2004-06-26
a7fabe37-6990-453c-9015-0508e8b3226b,Acura,Legend,1988,640.83,2018-03-21
d08401cd-a742-475b-a864-5a8c2c9b1ac2,Infiniti,M,2003,9795.91,2016-07-04
0e848a00-0b58-4823-b551-32bab54e62b0,Hyundai,Accent,2004,5145.87,2002-05-08
4c2b8b95-e169-484f-8296-e74e5efc39ba,Ford,Econoline E250,1995,8188.54,2015-08-29
ec62fd9a-befd-4402-a8cb-6aec040dbd0c,Saturn,Outlook,2007,2041.13,2016-01-10
367ea159-753c-4b9a-bcd5-5a9827696004,Volkswagen,Scirocco,1984,209.66,2005-12-25
9178ca2c-bf13-4841-b639-f56dfaf1692f,Lotus,Esprit,1993,9265.40,2010-09-06
66a6e5d8-f618-46d5-a85f-90bcd46281c3,Acura,NSX,1997,9045.98,2004-12-12
132b2bd4-54df-4bf4-bbc7-1718c28fb5a5,Mitsubishi,Cordia,1988,9926.78,2009-04-21
fe20a213-272b-42d4-9383-75c06ab46fc4,Volkswagen,Touareg,2011,9397.37,2014-01-16
67be68fd-5dc5-465d-959d-3a445876f562,Saturn,VUE,2005,5537.38,2004-01-04
506599bb-222d-496d-ae84-712caf779b86,Chevrolet,Tahoe,2003,6478.92,2012-08-05
2c7a7f9d-cda0-4f64-91e7-f350cd3a065d,Nissan,Titan,2008,1247.76,2015-09-25
fdd842b1-f1df-48d4-b9f4-95ea6885d619,Chrysler,Town & Country,1997,6727.76,2016-07-22
ad6e0f27-3aa9-4351-80bc-10a81265f240,Lincoln,MKS,2013,1271.06,2002-05-29
db6353d4-bb04-42f8-8abd-edf53c59caf7,Pontiac,Bonneville,2000,8920.29,2007-07-10
eeea1427-b391-46b4-8774-3d98f004739a,Chevrolet,HHR,2006,1338.95,2013-06-23
96783638-d329-4283-827a-2c529256101c,BMW,M3,2005,5780.93,2015-08-15
57190a6f-86f6-40d0-85b6-a36c64bb4abb,Mercedes-Benz,S-Class,1992,7952.38,2007-06-23
68b273dc-e098-42db-80fb-cc8aa2538f99,Mazda,Millenia,2000,2847.77,2002-11-30
acd930b8-35ce-42a1-82f2-927af1a1f2f1,GMC,Envoy,1998,1933.61,2013-04-07
e7afce71-28e8-496e-8ac7-407a1acb76a3,Buick,Park Avenue,2003,6568.35,2002-09-20
7531fd29-f8fc-469a-95ea-52f1df021f29,Pontiac,GTO,1964,741.81,2008-11-23
5d79ab46-3c34-4fd3-9c16-51dfc4befd35,Nissan,Versa,2012,8363.76,2003-09-11
14c62caa-8edc-442e-96f4-150627f418f5,Chevrolet,Camaro,1978,1417.92,2007-03-02
4eb79ba9-15bb-4d7e-b7e8-e44b11a365cf,Chevrolet,Silverado 2500,2010,7815.64,2018-10-12
50ef760b-71c1-4af6-82fb-f147f27c9743,Mazda,Tribute,2004,7048.36,2015-06-30
844bf247-abe1-470a-add8-e170785b1a3f,Mitsubishi,Truck,1990,6116.31,2013-09-25
30d41072-9e92-4f02-9a1d-c5f7d7e76306,Chevrolet,Silverado 1500,2007,6810.78,2009-03-04
4fe09bbd-e5e8-49e9-b83a-ad5cfc45db89,Mazda,MPV,1996,339.30,2013-06-07
18874fcc-f273-4372-af44-37340a451470,GMC,Envoy,1998,9075.36,2008-09-28
1ab7406e-3108-421b-a3de-9f2e97cb1f51,Audi,RS 6,2003,114.86,2001-02-21
e92bb5fb-1c05-49bb-9485-4f111ebb837d,Pontiac,Bonneville,1964,1002.25,2002-11-25
a7d90c13-01c3-4d09-8f05-48986c5e9645,Chevrolet,Impala,2006,3707.25,2014-11-17
9090b9e6-92ae-41cd-bf2d-ae8db17eb61a,Ford,F150,1996,1063.32,2011-06-26
a95d467b-c2ab-492c-b773-8ec9e2362951,Pontiac,Bonneville,2002,1028.30,2004-01-07
cf04e419-8263-4c40-b311-0a87d2a3b168,Pontiac,6000,1983,9984.90,2009-10-09
63d54c2f-aed2-4381-b61c-20e209abbb77,Cadillac,STS,2006,5037.10,2008-09-29
04918b23-fd12-4496-a050-cc5ca2a7c2f4,Lexus,SC,2010,6047.43,2016-05-05
f3faf51b-7d76-4f06-9007-1e5c2e669668,Bentley,Continental GT,2007,3836.34,2015-01-30
97c743aa-4615-4682-be32-e06c00c24e91,Mazda,B-Series,2008,8646.45,2002-01-05
0f2fe463-ae9a-48cf-8724-86fe28c53923,Acura,TSX,2011,2158.56,2016-05-26
42b04613-9e8f-448f-a0e1-b414523810f7,Subaru,Outback,2011,4759.56,2001-03-30
689c89ff-d2b4-4c4c-8ce3-6596c791c92b,Chevrolet,Sportvan G20,1993,8577.08,2003-02-09
523af81b-acc6-4cbb-a62e-40baa1cd2cd9,Ford,Aerostar,1994,6534.63,2011-02-27
07d638b0-2f04-4b3c-b9ba-bc1233c2032e,Chrysler,PT Cruiser,2005,9894.76,2014-04-27
f13c190f-5a72-4ea5-83ec-4a504a188a85,MINI,Countryman,2011,4455.15,2008-06-05
7eb51b06-924d-470c-a1a8-7cf0b667cbad,Toyota,Venza,2011,8712.71,2003-06-08
e12adcd8-a126-4abf-b510-8724289c1e00,Tesla,Roadster,2012,6205.59,2006-05-10
0eaf8d4f-3a98-47a5-a195-43fb8d0ece98,Toyota,Tacoma Xtra,1996,8645.40,2008-12-07
01e61308-aff0-4df2-936d-5de6a0c46379,Chevrolet,Corvair 500,1963,5719.24,2019-02-22
c5493582-1d6a-4022-810b-c5b4ac2aff03,Ferrari,599 GTB Fiorano,2010,8096.45,2019-01-13
429a0a45-2bef-4627-80b8-0c29dbb39c18,Ford,F350,2005,1337.44,2001-09-13
1dd630ed-d664-4403-8f03-de5cea04350d,Honda,S2000,2004,9335.56,2007-04-03
28fc7b9f-08ce-413a-b5dc-ce2a0c185fb4,MG,MGB,1977,4112.08,2008-05-14
93825502-c2c5-4b88-91a0-3af8eacb4e03,Volvo,S70,1998,4804.70,2004-06-22
74d3f525-9a5a-416f-8e4d-d013b31e5af3,Mazda,929,1987,3036.83,2006-07-29
5266654b-0191-4fec-a9c5-45e9f955b5ce,Chevrolet,Silverado 2500,2012,2141.24,2011-10-11
ab0b5018-1c37-432f-b0d3-1aebebcc8dd2,Volkswagen,Golf,2004,5874.15,2003-02-23
195228a1-b79a-42b8-9afe-cbe69dc5a893,Dodge,Caravan,1994,6447.04,2014-06-20
59816a6d-e49e-4d67-a362-a8d4387494ec,Volkswagen,rio,2000,8529.72,2015-07-09
993a1f71-1068-4f38-bd8d-9087c5fad239,Volkswagen,Jetta,1988,1876.00,2001-07-29
5a908b09-3aed-4094-8701-2b4e193dffed,Dodge,Ram Wagon B250,1994,8337.60,2015-01-27
3500427b-fd8e-44b5-b8a1-a69b8f91601a,Toyota,T100,1996,5899.58,2010-09-14
3ec306ea-368e-45bb-b15a-7bdd28306a61,Lexus,ES,2006,2573.16,2007-06-09
9a4d5a37-4f34-4c1c-a28c-697094a28b73,Toyota,Tundra,2011,886.88,2006-11-27
f666386f-d1b5-4345-b321-04aa5d7f35a6,Pontiac,Sunbird,1991,2928.11,2019-01-31
46df9ea9-3e32-4155-826d-4bb84ee37206,Dodge,Ram 1500,1999,8407.20,2018-12-07
e8598747-280b-47e2-99f9-8bb5fdebc6cc,GMC,Savana 3500,2000,7548.84,2017-04-30
5416a161-54f3-4dc4-8255-0e039ed72c90,Dodge,Ram Van 2500,2002,5028.38,2017-06-13
4332adaa-abff-4f83-995f-ef19f2736c1c,Bentley,Continental GT,2006,6895.99,2018-04-09
8e44f899-d81f-421a-bb3b-a1bd9f77d7e5,Ford,Country,1967,5794.43,2015-12-29
aa2d2c4d-ec13-49e2-b5ff-8687daa384cc,Jensen,Interceptor,1967,2115.54,2005-10-23
f2d55ab0-f102-419c-9bd9-b98f41d8f996,Chevrolet,Metro,1998,689.36,2017-02-12
19e94c83-1996-44bf-979d-c68cac525594,Mazda,MX-6,1997,7617.59,2006-03-08
5d050a19-5436-40f8-b0e3-18d72840ce76,Mazda,CX-7,2009,6367.78,2014-11-20
ce81456f-5467-4922-bd22-8c69353035ac,Ford,Edge,2008,3587.39,2002-02-22
4cd76627-fbde-46a6-8998-ff673f79d2e8,Nissan,Maxima,2004,5872.60,2017-08-22
13c91d48-af81-419a-9692-6d020a73a729,Maserati,Quattroporte,2011,4013.89,2019-08-26
e260f8f6-26e1-47a7-aca2-25a528dbcd78,Hyundai,Elantra,1996,5728.14,2004-12-17
6eb65795-6d5b-465b-bd39-0d5bd25118d8,Pontiac,Sunfire,1999,1751.97,2004-05-30
1d0529f5-1594-4948-b480-d78ec6878172,Buick,Riviera,1992,7892.72,2004-08-16
4e8e5f36-f590-4b6c-97ad-09b59f4c0817,Ford,Contour,1995,1208.08,2005-09-12
0eff1e86-f033-4f77-817d-79407f9ad205,Porsche,911,2011,9489.33,2011-09-20
9e11bb0b-357e-4227-a666-6294ae1f3a58,Pontiac,Grand Am,2000,4788.07,2012-03-03
86f77afe-7d49-4f7b-a287-5c4ba250075e,Toyota,Highlander,2010,9023.65,2017-12-14
1aba9612-5fe0-42d7-9aad-bdb052c5f6b7,Land Rover,Discovery Series II,2000,5188.74,2010-12-21
e985999f-713c-4dbc-85aa-77019581f891,Honda,Passport,1999,2188.95,2014-06-02
38988a08-0973-449f-bd29-974924adda6f,Porsche,Boxster,1998,6547.69,2007-07-27
d7a56794-fdc3-420c-8e98-4f4a82bfcd72,Buick,Park Avenue,2003,9997.15,2009-12-24
94a29b5c-0b3b-4909-becb-1c7d475e840c,GMC,Terrain,2012,7577.84,2014-07-16
423c1817-354a-4171-a4b2-0a6edcfb13af,Subaru,Loyale,1994,6768.96,2006-09-23
7f2d8100-26ad-4a71-94d8-d9805302bae3,Acura,NSX,2001,4390.48,2008-08-30
91f9fc60-6fd0-466e-a599-9ccce935b0d6,Mercury,Cougar,1967,4574.24,2019-04-28
9d9724e8-c350-426b-a085-197ec40cd98f,Toyota,Camry,2000,7021.30,2006-01-16
9f887d35-34d6-476e-824b-481ba2ee1aef,Acura,CL,1999,1391.35,2002-06-27
aec32250-f563-4e9f-ba3a-2faa674f52d8,Chevrolet,Impala,1995,7039.90,2006-07-02
4776a307-66ba-4fdf-a7f8-f5c49ccaf888,Nissan,Altima,2000,2444.70,2012-08-31
98fcff47-b96a-4a40-8a55-0ed66abcd73a,Ford,F350,1995,330.83,2002-12-26
ab86d7fa-cd3c-4e74-9efd-556295fbb5e3,Jaguar,XF,2012,105.74,2016-09-19
3a1420ec-51c1-4832-84f0-5928416d23e7,Chrysler,Town & Country,2000,1496.18,2005-06-14
532dd191-b02a-417e-98d8-593b69575b76,Dodge,Dakota,2011,3959.63,2007-11-04
5dbd8af1-ce8f-479f-b9bc-4625e61112e7,Maserati,Quattroporte,2006,7681.89,2001-06-15
3b9e6218-c307-4a5c-adf0-62489544e252,Dodge,Stealth,1996,8594.03,2002-06-09
beb024f9-8eb6-45e8-9348-9ab30d2851f9,Lexus,ES,2010,9316.79,2001-10-13
01eb2dc5-6ff3-4039-ad33-c6efaa344f14,Acura,TL,2011,7948.85,2001-08-18
b24106fd-78a9-4244-a5d0-b70856900090,Volkswagen,GTI,2005,3334.66,2011-11-26
ba16a979-2085-4380-ae82-d84f7635bf02,Lincoln,Aviator,2003,9535.43,2010-09-28
d37d9c90-23c0-4cac-9158-8794cf216ab1,Mercedes-Benz,400E,1993,1351.92,2008-10-29
9137dd16-e185-408e-90d0-d2d40de45acb,Mercedes-Benz,M-Class,2004,3152.23,2010-04-19
0f52a8af-c163-4671-8afe-20bdbf88e46a,GMC,Safari,1998,6685.41,2015-04-12
9522bd66-efc9-4b12-8c55-7c8c229be02c,Porsche,944,1984,2271.02,2017-11-02
03c4c6a1-5935-441d-9a0e-c81780acfe7d,Buick,Rainier,2007,4727.32,2006-07-25
a42767b0-a935-4fce-b8f7-4a20703e60b9,Honda,S2000,2001,9333.80,2014-04-12
bea8bc7c-844c-483a-b02d-fb9ef883990f,Chrysler,300,2007,9832.77,2017-04-24
bd47128f-ba4c-43b5-b7a6-059b4900ff57,Porsche,Cayenne,2004,8322.68,2014-11-26
78a0327f-c9e6-4879-ab3b-90106681c862,Aston Martin,V8 Vantage,2011,459.14,2017-03-10
ed71b933-ab4c-4a75-a5bd-3e667f4514e4,Dodge,Stratus,1996,9592.49,2004-04-24
d685fd59-def5-4fca-aa9d-54c0d01482b6,Chrysler,Town & Country,2010,9044.85,2016-01-08
66bc64c9-e36e-4204-b383-b5dd38ff8b76,Chevrolet,TrailBlazer,2006,9315.78,2007-03-28
12d3fc89-9c2b-4f63-bad8-1bb9b647ca5a,Chrysler,Town & Country,2002,5469.58,2017-12-15
12cf3f29-e90a-45bd-973f-8d21afdf9a4b,Pontiac,G8,2008,7473.94,2005-09-13
721dc38e-3b6a-417c-a674-f113437381df,Subaru,Outback,2005,9292.63,2005-06-06
054fe1e9-2ece-4af6-99aa-dccc7db131ce,Toyota,Matrix,2012,2587.72,2012-08-29
0e519be2-7972-4c60-b9f1-7585ae3d2019,Volkswagen,GTI,1992,1363.80,2005-11-01
1343966a-d92b-4b44-9994-439d05093ea8,Cadillac,Escalade EXT,2010,9359.34,2009-04-20
27721688-45de-4ba0-a358-4df94a49c7f4,Hyundai,Tiburon,2004,8940.62,2007-01-08
df959d12-3d90-4878-82be-4329251b8376,Chevrolet,S10 Blazer,1992,8616.73,2008-04-30
019c5eaa-85b0-41dd-88db-80302ecac9d1,Lincoln,MKS,2012,1423.83,2003-03-09
4ce995e3-b197-40b8-8d21-753128e39f4a,Buick,LeSabre,1990,5847.63,2009-10-11
3c46389c-d7bc-4e88-b747-ab782bb16a05,Dodge,Durango,1998,2937.04,2013-07-26
8b84f499-e3f7-489b-8107-f759bf104645,Pontiac,LeMans,1965,6558.77,2000-12-16
109075cf-a111-417a-b974-620fba333872,Honda,Civic,2010,5278.81,2013-05-08
905f6f7a-b0a0-424c-bc47-d3e048838427,Volkswagen,Golf,1998,4509.56,2013-05-13
ec991556-488f-495b-921d-b09f17faaa13,Audi,R8,2011,8785.88,2018-04-11
eea59466-8d95-476e-ab38-0fc97ae96cfb,Aston Martin,DB9,2011,485.32,2014-06-06
65daba45-d853-423e-9d42-6c3783028c4b,Geo,Prizm,1995,975.51,2008-01-07
c73e18ab-054b-4a07-a48e-b42f163340dc,Suzuki,Grand Vitara,1999,3705.26,2015-09-11
e66eaa41-6f82-48df-8d31-df8d06fb2528,Studebaker,Avanti,1962,6705.37,2010-06-10
5ea608ee-5ad8-4f48-9fb6-7d3e4628ae32,Pontiac,Firebird,1984,9270.66,2002-11-09
1a018dde-2e40-4c4c-ad26-e0138504bf24,Lexus,RX,2010,3748.72,2003-02-03
47899e21-8a62-4ba3-a21e-817929c399d8,Acura,MDX,2003,4867.55,2015-11-28
479f10b0-8c24-465b-a07a-55e56d994356,Dodge,Daytona,1984,3906.59,2017-05-11
ac5d2087-74e1-44eb-803a-f7e0ada3360f,Eagle,Talon,1996,5919.77,2008-07-12
05df49c6-f782-4495-98a0-c706d126adea,Oldsmobile,Bravada,2002,4453.92,2012-06-18
77c9020c-06f1-47d9-aa7f-91d0edb5fb16,Lexus,RX Hybrid,2008,1514.35,2005-04-24
34e48066-a9e0-4c54-b96a-9342f9afa866,Toyota,RAV4,2001,9201.76,2005-05-01
066d5539-6995-4641-8141-e9dab71ba191,Acura,TL,2006,6577.06,2014-09-01
e56f18de-1ec3-4426-9490-86019504b0f5,Acura,TL,2010,948.07,2003-01-17
307b1e9c-d088-4ae9-8888-97b76199b878,GMC,Savana 2500,2012,2214.08,2011-10-28
1ae5a6b8-cf92-4922-9253-94fb7ad8f214,Volvo,XC70,2010,3952.32,2008-01-12
bfe0e521-8deb-4318-aab5-15ca5ea487d2,Dodge,Dakota,2007,1414.86,2002-12-16
c969da6e-d19d-4c2d-bbac-4cef85929037,Suzuki,Reno,2006,4101.92,2001-07-05
ccfa307a-e84d-4a9a-90dd-6fcb3be7d0dc,Audi,RS 4,2007,6456.09,2016-09-29
6386caae-76ba-4500-a369-efae76f9fc87,Suzuki,Daewoo Lacetti,2008,705.55,2001-05-23
bb9d65d4-19a5-43c5-987f-01001437eb96,Lincoln,LS,2000,5780.01,2010-04-08
d5cc8254-3ea9-4463-b511-6dd8963910a9,Saturn,VUE,2003,9055.24,2000-11-02
34213eed-5287-4149-b0ec-4dc1bda21443,Saab,9-3,2011,6707.88,2010-01-03
42dd73ca-aa00-4754-b849-197845ccb87a,Scion,xD,2009,4803.83,2004-07-01
8bd36fd8-4d8c-4352-8f88-6c0b65cd92ef,Pontiac,Grand Prix,2008,3667.81,2016-03-24
24e71078-d4ed-4329-955b-933ede0a784f,Mercury,Grand Marquis,2006,7939.39,2018-08-18
6122de2e-e503-4a3e-9793-13db077c512e,Mazda,MX-5,1992,2483.57,2011-11-27
1f7141e1-deae-43b7-a7d5-054d0df674d5,GMC,Vandura 3500,1994,3724.34,2008-10-05
5cb1050d-7034-488b-b528-d103309297c3,Honda,Element,2008,8217.60,2008-09-08
0b335f0d-1e39-4cc8-a6a5-271e43bed3db,Pontiac,Bonneville,1999,6109.93,2016-12-05
dbfb502c-4398-4568-b769-d92746273a3a,Ford,Thunderbird,1984,8941.41,2010-08-07
46e95cea-6564-406a-ad09-af0b2e68bbfc,Chevrolet,Suburban 2500,1994,7847.69,2004-01-08
56144ee0-95e0-4d41-95c4-579cc4ba54ca,Buick,Regal,1994,2988.95,2019-04-16
6df2a1ff-2ffa-4e3e-b043-527c90aaf91a,Lexus,ES,1989,7275.12,2009-04-21
0710c61d-c14f-4308-9e8c-5eaa5f1b3690,Audi,S6,2007,544.01,2016-10-20
335afccc-f872-41fa-bac6-292f59eb33a6,Ford,E-Series,1963,5404.06,2010-08-20
d3341b55-41b3-44cf-8802-2f5ee6318010,Mercury,Cougar,2002,7705.78,2008-07-27
01050616-d2f7-4ff8-a5fa-3fa1cda7991d,Oldsmobile,Regency,1997,506.30,2008-12-28
ebab5a7f-d53d-4eed-8265-406cb1206aea,Lexus,RX,2006,5047.74,2010-04-15
3f8dabd8-9b85-42cd-b2ac-46a2fbdfadb8,Ford,Contour,1998,6093.42,2007-01-15
6e28d475-b280-4934-b84c-926ebd2f8bd9,Mercedes-Benz,M-Class,1999,3352.28,2018-05-12
75c55364-0f2b-4dca-924a-9c2950e6976c,GMC,Yukon,1996,8149.32,2002-12-24
652d8fb3-cb72-4a78-a7aa-67520ec3bba5,Mazda,B-Series,2003,3545.89,2004-06-25
025c8d17-635d-4f59-8f5b-1b94b6596207,Maserati,228,1989,3617.04,2011-04-19
215e03be-3fa4-41a3-8ef4-2fe16b43c2a4,Lexus,SC,2009,1690.67,2011-03-28
05608363-483f-42f2-b501-8a60f72f2dea,Daewoo,Nubira,2001,3193.11,2015-10-07
0fe16cf6-a259-48e1-8731-958c68f1c66b,Volvo,960,1997,6726.03,2019-02-23
d6e05dfa-27d9-4d41-af8c-b9fbbb0c0a3e,Chevrolet,Blazer,2002,8173.56,2001-08-14
1aaa76af-389a-463f-affb-d5f7da0c8103,Infiniti,Q,2002,264.24,2016-01-01
5605b3cf-71d5-49c0-87ea-c3b8bdb6db44,Jaguar,XK,2010,6143.64,2004-11-12
3cb9f7be-2148-43a3-aeb9-571c37c089c8,Volvo,S40,2002,7764.61,2011-10-20
8debf250-c285-4952-93a3-00072c3adee5,Infiniti,M,2012,5393.05,2009-03-19
ab967e12-f16d-4b6e-8d25-792659f4bed9,Buick,LaCrosse,2012,4021.93,2016-08-02
1d36cbd8-f746-49d6-8061-0cc505c989bd,Suzuki,Grand Vitara,2010,9823.63,2010-09-02
68812b44-1ebb-4b02-879a-68aa74885adf,Saturn,L-Series,2001,4921.32,2010-04-05
443888aa-f5d1-47f6-aea2-a8e71f56ff39,Volkswagen,Cabriolet,1997,2507.10,2011-01-02
e9c3def1-607d-4c56-8bf7-a6d6a9d56269,Chevrolet,3500,1994,6776.15,2003-08-15
7d838c4c-de34-488e-993d-55846a444c89,Suzuki,Swift,1987,3845.10,2017-06-22
5c48084d-4da3-49ef-88b3-e70fa0c275dd,BMW,330,2005,4905.80,2016-02-26
9dd00bc5-5c5c-4629-b2b9-9f7cd9478ad1,Lexus,RX,2009,6300.66,2019-02-17
0b63c6b8-1c06-4cdb-9a06-aa46d95d25eb,BMW,5 Series,2005,1437.25,2005-10-14
d8107930-b324-4a92-942a-9cf1f88c311f,Dodge,Dakota,1996,5399.27,2009-11-13
89d14f39-1814-4ded-a90f-59db60e64009,Volkswagen,Golf,2005,5088.23,2014-04-06
cdbc584a-eede-40a4-a36a-bded69ad62f2,Buick,Lucerne,2006,9855.74,2001-09-27
4dbbda30-30c7-429c-ae90-b7c5e7c927ed,Chevrolet,Cobalt,2005,8758.31,2017-11-15
6d28c1f0-5b21-43e4-9d9e-742a8699fbed,Mercedes-Benz,SL-Class,1998,2323.89,2004-08-08
7c71c5f1-dd50-4814-8490-f8a64e12fcef,Toyota,Matrix,2012,9424.57,2017-02-06
644b0a79-c20c-407a-a6d4-9962fecedbe5,Dodge,Nitro,2007,7978.81,2003-10-23
ac3ffb8e-2ceb-496b-878b-f242a80bc333,Dodge,Viper,1995,3970.00,2003-10-13
0e8b1841-3ab9-4bf1-bc82-867ae0fbe4f3,Volkswagen,CC,2013,225.39,2012-09-21
fdf898a3-00ce-4f82-b9ca-42ed11f7af71,Mercury,Mountaineer,2010,667.80,2012-10-25
b2540cba-481f-4b48-9556-6dc885ab1fcf,Mazda,Familia,1987,5870.03,2014-05-20
f07e9228-691a-4b64-9b3b-f8f2253b951a,Chrysler,Voyager,2003,4881.14,2007-10-29
733b2ab5-e323-4722-9f07-e53bb46c9ed2,Eagle,Vision,1994,8151.85,2017-04-30
b8ea3a2f-18bd-4dba-bf21-2dcad21053e3,Cadillac,XLR,2006,8962.59,2002-09-21
ce13bf4b-fc9b-46e7-b42e-0b8305530af8,Ford,Mustang,2004,7702.84,2019-01-25
5e97b85c-fe5e-4b7c-8665-7c51ec7810cb,Lotus,Esprit,1994,4636.81,2005-08-23
050d5edc-5dcb-465e-bece-dcdbcc135db7,Pontiac,Tempest,1961,6356.04,2000-11-30
c058cf1e-c8a0-48e1-aeb2-bb75e10517bd,Honda,Odyssey,1996,7365.59,2008-01-01
1411429f-5be0-43ed-b960-7180276abf95,Chevrolet,Equinox,2009,825.09,2018-09-21
47c1869e-fc35-4bd0-8818-60fa5e4d673e,Isuzu,Rodeo,1996,2273.06,2004-06-13
20680aee-efd1-44b0-8fb5-3f1311bd70d2,Chevrolet,G-Series 2500,1998,5805.13,2019-02-15
7704f9f1-eefe-44ee-9162-3a0160255596,Saab,9000,1999,7625.75,2010-11-08
1be0ac2f-d748-4e21-ba55-6107d618e5c4,Pontiac,Grand Am,2005,9250.14,2007-04-06
15b94b36-8ecd-4453-bc0e-d72c298e81b4,Volvo,C70,2007,6143.80,2001-09-19
608cbc98-7530-4ca5-a519-8c1ab0ce77d3,BMW,Z4 M Roadster,2009,409.60,2009-07-17
221ced43-c674-409d-ba27-6d155a50616d,Chevrolet,Avalanche 1500,2004,1429.42,2016-05-18
027d7fc9-4c6d-4bb6-959a-9273d5a20784,Chevrolet,Lumina,1995,9677.66,2013-05-26
51a407a3-cef9-42c5-982f-75ab8e706e49,Isuzu,Rodeo Sport,2003,6411.58,2019-09-13
a13e5d79-8044-4ecc-a6a4-ed2ad7873d53,Mazda,Mazda6,2008,2038.08,2001-01-18
977fdb4d-22da-4e47-9b1f-973dd7b75687,Pontiac,Grand Am,1998,6206.55,2012-08-07
60aeb0d6-37e4-4a00-902d-5951506e5d01,Cadillac,Seville,1997,8230.55,2012-03-31
e682087a-b238-410a-8c14-cad8506aa7b0,Lincoln,Mark VIII,1993,2962.26,2007-11-19
f2934f6d-ba59-4d89-98f0-27cea5d8fab2,Nissan,Sentra,2001,178.58,2000-12-25
3a93191c-ff88-401f-aa06-b10c80df9cb9,Suzuki,Kizashi,2012,8748.19,2006-03-13
004c99d6-fef8-4cfd-bdd0-c8fc442fcf52,Toyota,Solara,2008,8609.69,2015-09-04
d3947547-187a-4d87-bf10-0b6376a01f3a,Oldsmobile,Ciera,1994,2209.67,2003-04-15
d96d39cb-1e44-4941-bdfe-049b5729855e,Acura,TL,2011,1649.66,2002-12-19
0f4799a7-55ea-42a0-adcf-f9a2aba32972,Honda,Element,2009,4181.93,2009-07-04
f2ea6165-a56a-4205-a614-9a1b8b1e5295,Pontiac,Montana,2003,4309.04,2001-08-21
6ee13c37-8aa5-4029-b411-ac562d3b1900,Ford,Mustang,1974,4131.98,2011-10-22
f84b3d23-cf22-4099-a2f8-065d63b1d5a4,Land Rover,Range Rover,2003,4938.63,2018-10-15
9f9ad5d3-ef43-43a3-baab-ac4a81037131,Chevrolet,Silverado 3500,2012,8220.27,2011-10-07
b001f786-e5d4-4a91-83ab-5f55d54d75fe,Mazda,Protege,1995,8925.66,2007-09-27
34f21658-4497-4abf-a64c-a90d3d0de4cf,Honda,Fit,2011,6406.11,2007-03-05
b2f15556-963d-4afc-9272-f622f88b7139,Ford,Lightning,1994,3168.26,2002-07-27
138e5335-b1c3-44af-a7a5-8a72bc25b547,GMC,3500 Club Coupe,1994,5545.89,2012-10-23
ac26a926-a59e-43d3-b204-c865201dceb6,Subaru,Legacy,2003,3575.61,2000-11-22
ff72a702-b90a-463c-b6d1-dd8aec4705ce,Mercedes-Benz,E-Class,1992,5056.23,2016-08-03
2d44dac8-a9d3-4ecf-a19a-bae9bbc52dcc,Toyota,Paseo,1992,2158.44,2001-09-28
0ebdd671-5058-44ff-9c57-eaa2fb6af405,Toyota,TundraMax,2010,5688.60,2016-09-12
528602c4-6bbe-49fc-9dad-137871678175,Ford,Escape,2007,5360.95,2019-07-04
46d68296-f31d-4ab4-887f-f8156f467801,Ford,Excursion,2000,7674.26,2018-11-26
0e63834c-8759-487f-906f-e9d01e29542e,Dodge,Ram 1500 Club,2001,9844.60,2017-03-31
19305a41-a53d-4cff-a292-cffd53102061,Kia,Rio,2002,3749.19,2013-09-14
76c098fe-f7b6-40c3-b30e-8d124cd079a5,Chevrolet,Silverado 2500,2011,9661.07,2018-04-02
0e2d049e-672e-4749-98c9-ef05b893f032,Mitsubishi,Mighty Max Macro,1993,4702.64,2011-04-11
30972cf2-df64-46de-b5f3-ac356f4765b6,Subaru,XT,1991,3452.20,2000-10-24
774bd37a-5f20-4cc8-918f-3e41bc33a7ba,Mazda,Protege,2003,9254.03,2008-03-12
b4e4e267-98bd-426c-8b63-74a4498c2d2d,Honda,Civic,2007,607.39,2015-01-22
51570aee-7352-4708-9acd-9ee6829204a9,Toyota,T100,1996,8825.72,2014-03-18
5c22cc8c-3906-4be7-b70a-51aa33d0cf6d,Rolls-Royce,Phantom,2007,1687.73,2004-06-25
936593c2-f7d1-4c59-8a2a-e409ff3d440b,Honda,Insight,2002,5612.94,2006-11-09
65ebd773-3697-48c0-8d94-cfac01999d31,Jeep,Wrangler,2003,463.34,2009-11-05
7dfd572d-511c-408e-84e6-3fb706b42796,Mercedes-Benz,300D,1993,8190.48,2006-12-02
eac6aad8-82e5-485e-acdc-dfba6aa5f8ee,Chrysler,Town & Country,1999,7565.69,2005-02-28
33def839-a6be-477f-aaab-9ca57c302126,Mazda,B-Series,1995,8112.39,2010-01-04
53833d2c-be9c-4776-8b9a-1e6e530d6daf,Chevrolet,Tahoe,2001,8586.83,2016-02-16
b205cdd6-4c86-4862-8b77-7cf89dd982b3,Volkswagen,Golf,1976,8657.60,2009-07-22
84222840-110e-484e-a4fe-9f2f53f7c25c,Mercedes-Benz,SL-Class,2006,327.10,2015-03-03
058ab893-ebea-4022-8be1-2a249961ede1,Ford,Taurus,1986,4564.91,2012-07-30
eeaaf65c-7f6d-4fdc-bb17-dcf4857921db,Chevrolet,Corvette,2008,4500.33,2016-09-19
399daf97-fe77-4763-9b3e-7ea0ea24b318,Chevrolet,Sportvan G10,1992,7452.00,2004-06-26
e09d5c84-d985-46d6-aaf8-76f30c13572b,CitroÃ«n,SM,1972,4156.00,2000-10-10
8552d9a3-a5f1-4ebe-92dc-319f2e76bbd5,Nissan,Maxima,2008,2106.84,2010-04-08
73f94f5a-74db-4182-937c-70ee21fd9d49,Hyundai,Veracruz,2008,1145.92,2002-07-25
1115ca14-57e5-478d-bd66-ec3fa4d249f7,Chevrolet,Express 2500,2006,2819.90,2011-11-04
34988869-ccd7-4d6f-beaf-6f5a8dd0fb10,Chevrolet,Silverado Hybrid,2006,629.78,2007-08-25
bd87cf3b-e47a-4ce2-9ad4-e475fc544eeb,BMW,5 Series,2001,2965.28,2005-01-05
671c021c-10af-43b2-9fad-b2b08b8cceac,Ford,F350,2010,9475.78,2004-05-26
66328628-ec09-423a-9a37-8eb36357cb49,Ram,Dakota,2011,6785.02,2003-05-03
a6806143-729c-42d5-a045-545ad85ee879,Buick,Regal,1993,8044.59,2010-02-21
23b25db9-9a00-4f46-a769-70f8981189a3,GMC,Sonoma,1996,3744.34,2007-08-06
e630278e-c623-43ba-88ab-57b2091f0237,Ford,Escort,1995,402.15,2002-03-02
3325518c-71e0-4b2a-ae23-d512e336e823,Toyota,Sequoia,2010,9483.26,2010-09-24
ee1b1d31-3f96-4711-87a4-b4902f289938,Ford,E250,2006,8539.98,2005-05-10
ed4b73ee-a1f3-4561-b17d-27ac18fc1072,Saab,9-3,2008,7385.26,2009-01-18
d5d43958-7601-403c-a089-8187a238972f,Subaru,Impreza,1998,1385.20,2005-03-01
1ef527e7-6b52-4b14-9f18-61d778df8ec4,GMC,Rally Wagon 1500,1993,5098.58,2014-06-14
6e37ecad-d38e-42d1-bd24-c1d4a1a62b45,Honda,del Sol,1993,1919.82,2011-08-20
59165463-7487-4f76-afca-57d2d432bbaa,Isuzu,Trooper,1997,9980.98,2015-12-24
7c875a1e-67f3-4d95-8279-9a8b36114e80,Volkswagen,Rabbit,2010,5382.33,2014-06-30
f251ffea-0f68-4295-bfbc-1edc9566ec94,Porsche,968,1993,6280.84,2012-01-06
75a8a8f6-345b-4c63-bd86-7860e4c77172,Volkswagen,Golf,1991,5220.32,2019-08-03
72dcc8db-593e-4a13-8f26-b6e530253e22,GMC,Jimmy,1998,380.21,2012-11-06
1f1a22f0-e70e-43c8-adee-10fb7718f130,Oldsmobile,98,1994,5226.76,2007-11-06
3b639a31-77ab-4c9e-a3a6-83920b14fc62,Chrysler,300M,2000,9812.80,2018-09-09
c9ce99b2-ec49-4ad1-ab73-54c4c059ca98,Buick,Century,1986,5354.62,2008-09-05
08adce5a-c9b8-439d-9b9a-e1c7c5338962,Infiniti,EX,2008,6801.38,2004-11-16
5b4bff9d-96e9-4b9e-bafd-5ec874709200,Buick,Riviera,1990,9142.86,2003-08-11
168b9839-e7b8-4341-94d1-8857e2149861,Mazda,MX-5,1999,2750.72,2001-02-12
0258c6bf-55d7-4f2c-bc13-77c64bffd6fe,Suzuki,Aerio,2007,5612.93,2018-09-05
77f5b8f3-5457-4bac-bed5-5631edd9fc77,Pontiac,Tempest,1966,2318.79,2011-01-13
56ad65a0-ac10-45fd-9508-c0c6d42de77e,GMC,Yukon,2010,7019.59,2012-11-09
94c4d527-dfb7-4d0e-9067-c20e8763f5d8,Volvo,C70,2012,649.14,2014-07-18
5f3fcab2-336c-434e-a0ed-7e0e7ad890d5,Volkswagen,Passat,1995,4217.24,2006-01-20
45da19df-3139-4f5e-a6c4-8e8466ed67a2,Chevrolet,Astro,2005,5114.76,2015-04-14
d60db207-6046-4265-9e8a-5b731603d991,Aston Martin,V8 Vantage,2006,116.36,2017-01-19
a380d756-d37e-457e-b3b7-396b905a5197,Smart,Fortwo,2011,2767.90,2007-07-04
7f30d6f5-3f89-4163-a782-ebdb73b4f3e1,Mitsubishi,Lancer,2005,5578.44,2014-05-20
779d4a35-d8a6-4259-bfa6-d3eb972ca86e,Dodge,Dakota Club,1997,7001.34,2016-05-24
d8b7daa7-1361-4739-84c6-d26fbe6f54ba,Scion,iQ,2012,3196.10,2004-04-27
a138ee33-6ff9-4427-b0a1-34e626461e45,Toyota,Sienna,2003,5672.89,2003-05-09
33aa14d1-d5b2-4bfd-b15b-e453e13dd32d,Mercedes-Benz,CLS-Class,2010,5038.53,2003-09-04
838db2a1-65cb-4b9c-b8ed-7ea31a0b7b93,Lotus,Esprit,2003,9366.76,2013-09-03
deb77f7f-c244-44f5-b60c-abffa318924a,Saturn,Aura,2008,7514.07,2015-10-08
188100a2-0182-4d89-a1f0-c080eeb57b1e,Land Rover,Discovery,1996,1129.53,2015-01-24
c3cf0f1c-ee11-4e08-9322-b66dd08c695b,Porsche,911,1988,2904.30,2008-03-11
46b832a7-151b-4686-bb63-a438d611a74c,Buick,Coachbuilder,1993,9216.17,2014-07-06
8bd3e9c1-9995-4344-a743-13984d8c4ae3,Saturn,Ion,2007,4572.80,2011-08-18
b2cedf22-970d-4e3c-8ba1-861f14be47ac,Chevrolet,Blazer,2005,298.41,2011-07-08
b8c83dd0-959b-499b-b71b-572bbac60b0e,Mazda,MX-6,1991,4463.94,2011-02-17
5ed1331d-45a5-4c55-90d4-46f231ad2ea5,Nissan,Quest,1999,7432.69,2014-08-27
ba093391-ebb2-4327-a956-95658836dd9c,Ford,F350,1996,3058.22,2009-05-18
66e91a85-6ebf-4cbe-ba84-d82d2d9af6f6,Ford,Crown Victoria,2009,5845.75,2011-06-22
cd925e81-3fe0-4269-8cc7-d8df160bf1e1,Chevrolet,Suburban,2007,899.33,2013-10-01
291dd637-f835-4240-b77e-b3e960c6897b,Chevrolet,Impala,1995,1046.09,2004-01-11
ced81543-3446-4606-acf7-2104ed8063b7,Dodge,Ram Van 3500,1998,5404.81,2009-03-03
b36f5576-4c2e-425f-9276-86dacd574a5d,Infiniti,M,1992,1117.14,2010-12-19
a27c58c2-2742-4bdf-9191-4ebe0f784354,Pontiac,Grand Am,1986,8077.87,2008-01-15
3ef1517c-98ec-409e-989e-1f48dc4d6b93,GMC,Envoy XL,2005,9405.83,2004-08-06
963e17b0-5059-4268-a3c1-3315ae7dc5f5,Dodge,Ram Van 2500,1997,4791.93,2001-01-13
4d338eb9-a4cc-4fe1-a57e-7dce3faf6d8a,Mitsubishi,Eclipse,1989,2314.53,2015-03-11
add0825f-1d05-4371-a95d-346ba140594d,Infiniti,EX,2012,6648.29,2005-11-02
a255e832-6a4e-4e3e-959c-b5daf72d6d70,Nissan,JUKE,2012,2010.31,2016-06-03
bf138fab-55d9-484b-ba14-9c6cd447d792,Toyota,Camry,2008,6276.59,2000-12-24
27143124-aabe-4e46-a0db-6cbddda8e5df,Ford,Thunderbird,1977,5782.50,2018-11-29
925475cf-053b-4ca4-956f-b9ca000caf65,Chevrolet,Lumina,1994,7767.44,2019-02-10
18342523-c329-4811-a84d-5c14936ede40,Toyota,Echo,2003,1654.85,2012-04-27
e97e4316-fe41-4333-bc2d-256171776b8f,Chevrolet,Express,2007,8551.28,2012-10-27
a9767816-ff05-459f-aa04-903245b79ca8,Ford,F-Series,2007,5561.60,2012-10-05
4f8eba27-ec1d-4a8c-b7e0-1ac4bac2c16b,Ford,Taurus,2010,3884.09,2001-04-01
fbe75260-1e78-40d3-8e9e-6ebedad25278,Chevrolet,Malibu,2000,6848.00,2007-12-23
98b9ec1e-3f06-4bb7-9566-a0861bb8336b,Pontiac,Bonneville,1998,4548.72,2011-04-11
88fdb2f4-4a9d-4206-b201-0c940605105e,Volvo,S40,2002,703.18,2003-08-11
89b965e9-feb7-4eb9-81ae-3226f2c8dacb,Lexus,RX,2007,4235.63,2006-10-02
fb0aecdf-de6f-4876-aa0c-54e87d1dfcc3,Chevrolet,Bel Air,1967,4800.05,2014-06-11
809a857b-c127-411b-a463-e4fa32e4fc4e,Oldsmobile,Cutlass Supreme,1995,8254.35,2002-08-26
a02281fc-34d6-418e-b243-6a676709f83a,Subaru,Legacy,2011,3882.76,2005-10-28
0ad81f20-fffc-4fc1-8e36-75793fd02d20,BMW,7 Series,1997,8719.54,2010-10-18
1993aa30-430b-4c5f-af9d-3236cba8b601,Cadillac,Seville,1992,2889.84,2013-05-24
e88d8e70-f780-4d45-b6a2-ebf5b19bc612,Chrysler,300M,2004,7040.28,2001-11-10
9722023d-62d5-44f5-ae53-727a49a7f534,Volkswagen,GTI,1995,2491.69,2008-07-31
a4d49c9d-6c81-425c-8af3-e1f363625713,Pontiac,Grand Prix,1976,8455.65,2003-09-16
b11e2bc9-4af6-4feb-9299-f437f53c5898,GMC,Yukon XL 1500,2011,5294.00,2007-04-25
f3ea47cc-caf6-4aa0-b4b4-a83d6450717d,Kia,Rio,2006,2082.66,2012-10-27
9ffc39f3-03fb-4178-9b02-009bd5714523,Nissan,Quest,1998,6394.29,2019-01-14
52ac1b74-c46a-4c71-b56b-5b0aed7715b2,Honda,Element,2010,4386.94,2002-11-14
d2d1eec6-3fde-4ab0-91bc-b60d79392749,Audi,200,1991,1566.71,2011-04-19
8d8926f8-f57d-4da1-ad08-1dcbadeb856d,Saturn,Outlook,2010,4643.25,2019-09-02
0b6731e3-77c3-4dd9-aa47-6c57d4aaef5e,Buick,Enclave,2008,9330.03,2009-06-06
a70a8ddc-85a4-40a9-bcdf-866aa4478dfc,Toyota,T100,1994,9802.78,2013-11-11
2354fe7d-e3ff-434a-ada0-7f273a8bf2a8,GMC,Suburban 2500,1999,8864.47,2007-02-11
de4b9ac6-df1b-4096-ad11-291e79a57dc7,Volvo,C70,2012,1224.91,2015-11-11
6cdb2788-d32a-491f-9beb-5fbc1b3d9748,Mitsubishi,Eclipse,1990,4886.93,2010-12-21
22444961-10dd-46cf-9f5c-e665cfd5767a,Honda,S2000,2007,7841.47,2017-09-08
3d0e7022-e6a1-4cec-9dbe-ecd443d28350,Hummer,H2,2003,7577.36,2001-08-01
26f42df2-8d0e-468b-8933-72247704c127,Mercury,Tracer,1999,4186.26,2001-10-13
bdb666e6-633f-403e-876a-17735e6e408e,BMW,525,2004,7966.09,2019-03-31
2edf8bfc-0a5d-40c8-9283-53b338157b59,Land Rover,Defender 110,1993,7080.70,2018-03-23
8c45f781-723a-4345-a311-ca2c16c397e8,GMC,Yukon,2011,9179.66,2001-05-04
c81d9992-36ce-4b91-bc94-aaf71ac97d29,Bentley,Continental,2009,7424.38,2004-01-16
c28bf29c-bf49-4522-9604-311f9d7b0e37,Chrysler,Town & Country,2012,3532.22,2002-09-13
1624a3a3-6cd2-4657-8d4c-ddcc906a8b89,GMC,Suburban 2500,1997,9013.61,2010-12-08
aa771af4-3ec9-4ce6-ba86-aad28fdb7349,Saturn,VUE,2004,3832.12,2005-08-27
b7119785-d6da-4ec8-a489-8ef5de81b001,Pontiac,Sunbird,1984,1489.04,2006-06-08
161fb660-13b8-40ee-9d06-9ae4c5160131,Volvo,S80,2012,9515.62,2008-10-04
695c63c0-0b97-44ca-bdcd-9c31a2ab94e5,Hyundai,Elantra,2001,6469.04,2016-10-09
ed4d0906-123b-438d-9e1e-d629bf768705,Saab,9-5,2000,5436.87,2010-02-17
c07db881-081a-423e-b4ef-0b44992ef438,Volkswagen,GTI,1988,7399.72,2003-06-11
d95b5340-8f82-43b2-ab76-7762b5ffec71,Toyota,Paseo,1997,2597.64,2014-08-31
c6070c83-6999-4569-ba8a-1141ed458d27,Chevrolet,Aveo,2004,497.40,2008-01-05
072e0e2c-d3b5-452f-8d37-314ae12da27d,Honda,Accord,2009,3356.62,2008-10-02
dcc621dc-4f61-4c87-a876-a87b11c6a77c,Ford,Expedition,2006,6050.85,2006-01-18
cbabb94b-9eda-4b87-aa21-24ff981df63f,Ford,Club Wagon,1998,2212.25,2001-07-19
3eb38702-d688-429f-933c-3b4cfc9c1921,Honda,Insight,2005,3071.78,2013-07-23
9dea4e3f-fdd0-448e-a542-5e34ed0540b0,Buick,LaCrosse,2007,3047.34,2004-05-08
8b95b7d4-1f6c-4eee-b5e8-95df8d4088b3,Dodge,Grand Caravan,1992,7436.80,2007-02-07
b8f076b2-061c-4c81-8c1f-b9733faf6cae,Volkswagen,Corrado,1992,1020.21,2017-03-25
118aeab4-6089-4ab8-b61e-d6a087718bc1,Dodge,Dakota,2001,3097.86,2016-11-30
23f45ed8-9c4e-41d4-aac7-37ab655b71df,Aston Martin,DB9,2012,2385.10,2011-04-09
a98ce7ef-b052-4102-88a9-cd106fc57984,Dodge,Aspen,1976,1406.46,2002-04-30
e24219b2-df0a-4dc2-8591-7d4634de754c,Mazda,Miata MX-5,2004,4043.04,2009-09-06
a0351c4b-d134-44bb-8044-df48849951b3,Buick,Century,1988,6863.38,2008-11-09
63427214-dcb5-4036-a75b-1d853cba996b,Toyota,Sienna,2006,6718.14,2007-07-14
44ebbd48-2149-44af-bcb8-cc901912b85f,Honda,Insight,2004,5867.03,2012-10-30
9c7fb471-f4a8-4cab-85f2-f906eb7e2adc,Ford,Contour,1995,6155.34,2002-07-03
15c27bba-a35d-49eb-a198-01e2bbdc69e2,Saab,900,1987,5569.08,2004-08-27
d3db1791-a427-4371-bab4-7a3d35c07ced,Mercedes-Benz,500E,1992,2066.54,2007-12-17
fa0be9da-01f5-45cb-bf70-46131c6a3909,Pontiac,Grand Am,2002,204.50,2011-01-14
68d732b5-f662-45eb-8179-cd2ac9775338,Volvo,740,1992,6244.68,2007-08-31
3544c148-79b5-47e8-8dfa-dea8b1e4400d,Toyota,4Runner,1998,2845.17,2006-12-19
192acfcd-e311-41b0-a8dd-51ae2ffe5293,Eagle,Premier,1992,9940.42,2014-01-03
6092b4db-99e1-4955-88a8-9d7a73e05ebb,Mazda,929,1992,9252.16,2011-12-26
69a8bff4-6f74-4682-a9f9-3bf7eb6d4c45,Kia,Sorento,2009,3315.05,2008-12-02
e3e7a879-add4-41d3-9c20-6a1e6c81f9e7,Mercury,Mountaineer,2004,100.32,2001-08-07
a7c65dbf-6c88-44c9-ab80-f37857ee2a70,Subaru,Legacy,1990,9159.13,2019-05-26
982851ec-afc3-4484-93a2-53cdecf61873,Pontiac,Grand Prix,2001,8169.80,2018-04-16
c3a36973-2123-499c-a6f2-48b312352e2f,Chevrolet,Camaro,1998,2647.98,2007-06-19
a76225b3-e332-4f57-93af-c1a1d8956d70,Audi,Cabriolet,1994,8184.26,2011-12-13
46656ec2-759c-47a0-9b4e-757a042b30b4,Mazda,Miata MX-5,1993,7711.96,2008-11-03
b17bc317-5120-48a0-988e-301b44015d56,Kia,Sorento,2011,7462.21,2010-05-21
7cd3e4d4-4bd6-4ddc-ac3d-e8f98742fac7,Chevrolet,Tracker,2002,7753.35,2017-12-15
623ae23c-4336-45b7-9c15-740d7731f584,Oldsmobile,Bravada,1996,3586.98,2007-02-02
f7aa84a6-6c09-4118-9b07-92dd572c573c,BMW,600,1959,540.56,2018-05-19
e2a96282-5d5d-4b42-80db-44f28cd814ae,Buick,Park Avenue,1998,8272.30,2014-03-19
b345e809-fb31-4f7c-be4f-5a5c88611b03,Bentley,Continental GTC,2011,7313.79,2005-04-01
2288c6e5-9be9-4469-ae33-fa9fb3b0bb89,Mercury,Cougar,2002,609.77,2015-02-14
976ba4c9-81b1-4dd3-ba07-d78d779e8c4f,Chevrolet,Silverado 3500HD,2006,7316.07,2001-10-21
dedb39c5-6702-4034-914f-fcbf39915118,Mazda,Familia,1987,8490.07,2001-01-17
00be286d-fc7b-4c42-ace6-d28c7d3ff73e,Toyota,Tacoma,2003,1213.56,2006-06-03
373200af-b181-48e2-a161-d1b0e846db15,GMC,2500 Club Coupe,1994,1694.22,2003-02-28
01718bfd-cfbe-4ebb-9dac-ce2e65d5f315,Toyota,Tundra,2002,3309.59,2004-06-02
24cba68f-1f5b-4451-bebb-b5a8afc8a128,Honda,Ridgeline,2007,8733.53,2007-10-08
4c78f880-a1ab-4b04-bbff-fa4515dd36db,Suzuki,SJ,1990,3650.60,2016-06-21
ce154ab2-7046-44a7-8c48-c6a76389f9c3,Dodge,Ram 2500,1995,4439.17,2013-12-08
2929aba9-a354-4b76-ba3f-71f0e6174fe0,Volkswagen,Jetta,1992,7763.37,2010-12-04
d9efca7a-045b-43df-b8ad-c8f009040343,Mazda,B-Series,1989,8783.66,2004-08-20
9f1b2eab-7cf2-4951-a6fa-afae995e658a,Dodge,D150,1992,2815.87,2018-04-27
254ad0a2-b255-4df7-96e5-5cab7f43e83b,Honda,Accord,1996,8514.56,2013-06-19
6c84a815-83a0-40c8-9c1f-70ca3b0ee5d2,Toyota,Corolla,2008,5640.01,2005-08-15
9aa0ff65-dc4d-4a26-95f8-1614251ceeb7,Nissan,Maxima,1994,5840.87,2005-02-07
9d9b6388-b300-4f7d-aa42-6e10e21b54e0,Ferrari,612 Scaglietti,2008,8902.28,2003-04-20
9ac23bd3-2323-4d28-a955-3bee69cce40c,Volvo,C30,2011,5258.96,2017-03-29
a34772cf-a9a4-47ea-8f46-70ff9847746c,Ford,Tempo,1994,984.82,2005-08-25
562a6054-84e0-4b85-bde0-6e846ee45419,Dodge,Challenger,2011,6920.49,2004-09-24
7ae18b72-c997-430e-9dd6-aa8a7caa7257,Pontiac,Sunfire,2002,769.58,2015-10-07
515173b8-b6f2-4cf9-9c0d-5a1f78038a4e,Ford,Expedition,2001,5386.16,2014-02-27
2cac8020-8e9b-4af4-aca4-92b44292a196,Lincoln,Mark LT,2006,2214.76,2012-09-06
a5084e96-26c8-4f76-a1c9-ff6047a9fbd6,Acura,TSX,2012,7569.95,2012-04-10
12430b07-d1a2-4adc-ba4d-a2b9059dd80c,Chevrolet,Beretta,1992,4466.25,2011-01-11
38068dba-b80e-4ff4-ae7c-76ec42388667,Porsche,Cayenne,2008,9236.90,2016-04-08
1456af06-6e7a-4a3a-91aa-989b0c9164a1,Ferrari,F430,2006,4800.43,2002-07-11
0e4a0b16-85d1-46a6-9b62-e2bd0181625c,Lexus,IS,2002,3017.98,2016-05-19
33ba8e14-08a5-448d-9646-04b47262d806,Dodge,Ram 1500 Club,1995,3299.25,2004-02-22
5a0a327d-dad4-407a-8b46-b96a3932087a,Audi,A4,2007,2214.43,2004-11-23
95263391-fc58-4304-b7e4-6d24d3aab9fc,GMC,Savana 2500,2001,7151.41,2004-09-23
5b44c944-d6b1-4320-8651-bd35b5233ffb,GMC,Envoy XL,2004,6065.80,2003-10-22
2d1df554-f9cf-43be-93e3-b4425f742397,Infiniti,QX,2011,1789.85,2016-05-01
745fcfa8-93ea-4bc2-a7a5-8ba7fee5365b,Mercedes-Benz,300CE,1993,7920.20,2009-05-21
21fc5a9b-4007-4e38-90a9-0606a78ef470,Nissan,Altima,2012,7788.19,2008-09-03
ecf2d59b-5b88-4012-9bf9-f4df1ac2a9d3,Cadillac,Escalade,2002,5596.99,2003-05-15
b5f37f76-a462-4401-918a-87ac406f9f76,Ford,Excursion,2004,1357.84,2010-05-26
7b81c9e2-0313-4d5d-92e0-e73aa9e12c4e,Suzuki,SJ,1990,1747.47,2001-03-25
edc11685-4151-43b5-a52c-a2a8eb8af082,Bentley,Brooklands,2009,5141.15,2019-05-04
de5c5d69-cd3a-4d6c-b407-b26782e5e8fc,Saturn,Relay,2005,6387.06,2011-03-30
c647f4c6-2139-4d0f-85f4-bef47b8a3d62,Jeep,Patriot,2009,3147.84,2005-10-25
9de8eda4-6520-4fff-9715-7acd947b9640,Suzuki,Esteem,1997,460.31,2011-01-14
391a7feb-912d-40b9-9d47-d5a725705478,Buick,Park Avenue,2004,9406.80,2009-12-14
107a8bb6-189a-4435-bb42-6d2139777336,Jeep,Grand Cherokee,1999,9368.65,2002-11-25
f9aecfb0-cbda-4af9-83ca-0a199930c7b6,Chevrolet,Suburban 1500,2008,4487.13,2001-04-15
68f81f88-026b-4802-af73-20aa29c93b7c,Chevrolet,G-Series G20,1995,8213.58,2014-10-27
016b44c2-cd5b-4aef-8375-db31b0739842,Plymouth,Colt Vista,1994,9277.54,2018-12-27
ffea3c5c-5395-4719-b8df-4b45a12b9496,Toyota,RAV4,2010,1520.54,2013-02-18
77713f6a-e125-4cb9-8e8c-6cd9b1f39522,Volvo,V40,2001,8751.33,2018-06-21
bbc5d952-ea75-4212-b605-2c3dd0c38ba9,GMC,Sierra 1500,2011,5339.18,2015-03-06
ecd6e16a-ee1a-457a-99ce-6b7bafb6612f,Ford,F350,1999,5734.23,2005-10-26
2e541b5c-cfbd-4849-95b1-9943f0debb63,Ford,Explorer,2008,2652.77,2009-03-08
6cce639b-84f7-4230-b263-6192d016b623,Buick,LeSabre,1992,8600.39,2007-11-11
01c92205-e821-4096-a70b-3af104170a1d,GMC,Yukon,2007,553.14,2000-12-21
f59100fb-addc-46ac-ad47-cd8a4e4483a5,Mitsubishi,Diamante,1995,2971.04,2003-05-12
41f7b11d-9648-4fb0-9ab0-622d17507e51,Ford,Mustang,2008,1959.32,2006-06-18
0f502043-af5c-45f4-b11f-898e08540092,Bentley,Continental GT,2010,3933.57,2014-08-10
5023e8a8-c217-481d-94f3-9da2dc2a298a,Chevrolet,Blazer,1998,1205.02,2001-07-11
2aac2c24-b54f-4ace-97ba-7beb17f9d515,Land Rover,Range Rover,2007,2060.43,2006-09-01
c9b35b0c-46ec-4750-b7ed-52ac7db3463e,Nissan,Frontier,2007,5143.07,2011-06-29
64f96226-aaf3-4791-8705-b16540bf1ba2,Geo,Tracker,1995,8781.12,2016-09-15
b1dcc8af-0c8e-438c-a52e-a83021ee1889,Subaru,Forester,2001,8641.54,2008-07-10
a9da02be-8dad-4ffe-863d-998ff5e99d0d,Buick,LeSabre,1989,2602.89,2001-11-16
df5a29e2-c8bc-409c-819c-e2e8f697c240,Pontiac,GTO,1968,3996.70,2009-11-27
f5386a2f-5506-435e-82c6-8dfab96ca21c,Ford,E350,2005,6309.13,2012-11-28
56837ddc-f600-42f7-82f3-217cad4be246,Honda,Ridgeline,2007,5563.42,2011-03-16
3d492820-1bde-4bc4-b399-e742b6f5faa6,Chevrolet,Silverado 2500,2011,5662.20,2000-11-21
7423bbda-4d8e-4ab9-a01b-97044f6df28d,Chevrolet,Tahoe,2007,4689.67,2007-10-23
e5ece885-939f-436e-900e-3def73c461ee,Volkswagen,Fox,1991,1716.89,2017-07-15
ed7d61d2-1f08-4ebb-8a36-9e2dbb30dfe4,BMW,Z8,2002,5136.78,2003-06-28
37a032ef-ae8a-4295-a093-a7ad8ef50010,Jaguar,XK Series,2000,7557.75,2009-11-23
821bd591-b13e-431c-8f19-47ac61792475,Jeep,Wrangler,2006,9830.00,2012-07-24
3ed50e19-804e-4d82-9e7b-d48c235ad21a,BMW,525,2001,7088.58,2007-04-29
1a0a61f4-e8e3-406b-8496-b8a868cc6ed4,Suzuki,Equator,2012,9329.14,2004-01-19
f19d4ee2-f6b5-4820-a507-327c56fd8041,Volvo,S70,1999,4726.75,2007-02-11
e79c16fc-b838-4a31-a32c-3844fa3dd2f8,Nissan,Maxima,1994,3550.62,2018-05-29
d8f4ea2e-f163-4c99-b9f6-f74272d29d12,Pontiac,G6,2006,5848.21,2000-12-29
3436d871-4eb7-45f1-b171-3f3691fb244c,Nissan,Altima,2002,5796.25,2004-05-04
b78358e4-c813-4640-a89d-9e267516bee8,Infiniti,G35,2004,1203.17,2015-01-18
22f095a0-a1e4-4c1e-9ba9-00610be3d3bb,Smart,Fortwo,2008,8800.95,2001-07-02
a66e12a6-a0d2-4555-be23-2a18cab66572,Dodge,Ram Van B350,1993,3277.97,2015-02-12
0c58fc6a-c52e-4a61-b96b-3f451dc030f6,Oldsmobile,Intrigue,1999,2936.27,2004-05-13
4ba45205-a801-40c0-a958-7c288b430a1b,Audi,A4,2010,5976.75,2018-02-11
a2d04e38-5c63-4934-95a5-9a0e6ebbfbbe,Audi,A3,2006,503.19,2012-01-11
b2143811-ac38-499b-b757-ac6ef20f082b,Lincoln,Continental Mark VII,1988,6762.02,2018-05-17
6d8792d4-7380-4d60-8632-004f9f46ddbf,Pontiac,Vibe,2007,8176.92,2015-02-05
38fb9190-78c5-4b14-bd1b-0ba312e769d7,GMC,Sierra 3500,2006,2678.98,2008-01-08
ebbf8cea-247d-46b1-9b65-6fe3f44f767c,Lincoln,Continental Mark VII,1991,576.27,2004-07-09
df23f1c6-ed48-4135-9d9a-6a6444bdd693,Lotus,Esprit,1992,5966.70,2010-10-29
6db76675-1dae-491c-aa49-41c4f21178f7,MINI,Clubman,2008,5283.15,2017-03-24
0d25027c-4cae-4c6d-8f18-fdba07b09ba1,Honda,Civic,2001,8084.28,2008-11-09
2873f0bb-929f-45ab-8804-87a283e779d3,Volkswagen,Touareg,2004,1164.94,2006-01-31
66d2c056-0fd3-4848-8e91-21acd0e9d183,Ford,Explorer,2011,4299.76,2009-08-22
e33f1c87-14a4-4ebc-aa77-4e72b8468ed2,Chrysler,Grand Voyager,2000,8885.93,2014-11-09
913cbd95-a6ba-4486-9d19-1c64e184bece,Volkswagen,Touareg,2011,6827.73,2014-03-31
c98cdade-fce2-463f-a54a-0c5a7e5af757,Dodge,Dakota Club,1994,3370.89,2003-08-15
8ee7d82f-1bce-4f41-afdb-0dff82e1c4dd,Chrysler,Sebring,1997,2796.62,2002-05-30
2d6f652d-77eb-46f6-a4ff-700690e6efd6,Volkswagen,Passat,2003,4778.63,2011-01-30
0bc48234-c5b8-4256-80d5-237f14c520db,Chrysler,Sebring,2004,4147.33,2003-08-25
2fbc7019-e9a4-457d-9ec2-6c7f0a51cfba,Nissan,Rogue,2008,1101.72,2008-08-26
8a2d8175-6fd3-4e4d-b4d2-8f9669b04b91,Eagle,Talon,1996,6184.38,2001-11-16
1a5a7dd2-f764-4ecf-a1c6-7243e616c7d2,Chevrolet,Silverado 1500,1999,4982.47,2001-12-01
84a76f20-3c4c-4564-84c8-40a288a7dc3d,Mercury,Milan,2008,7745.55,2001-10-05
326f67e5-7fc5-471d-93cc-e891d40de24a,Suzuki,Equator,2011,971.71,2018-07-04
c241cebd-d80f-4373-9f7e-89fa32deb9cd,Buick,Park Avenue,2003,5335.79,2013-08-06
c2027d06-66da-4e85-9748-b7cb7221c993,Jeep,Grand Cherokee,2002,5286.77,2013-08-19
21317407-bd27-450b-824c-60317e6b7390,Mazda,B2600,1989,4424.37,2011-07-21
16d282a0-b958-4e49-bc59-29e693d57b42,Buick,Park Avenue,1998,6664.63,2016-03-29
a6aff405-ac34-4dad-b333-89077d720751,Dodge,Dakota,2010,387.02,2006-07-27
d4c5923f-702b-431e-8cf3-323bd26c3169,Nissan,Sentra,1997,4407.29,2016-05-03
a603ad88-0d7b-46c1-ae78-a57232b17b61,Suzuki,Samurai,1995,9631.84,2010-02-06
8a034da3-ffa8-4aae-8a9d-58212f000fb2,Chrysler,Sebring,1995,7730.73,2016-04-12
94c03770-ae76-4854-95fb-c70e7c97a5fa,Lexus,LX,2007,6924.52,2007-12-06
a93e87c5-9ccf-4660-bc50-87c85a4ff919,Fairthorpe,Rockette,1960,8347.27,2009-02-13
2ada7a53-9fc9-454b-94e1-6a11c6da12b2,Chevrolet,Silverado 2500,2006,9054.53,2016-03-31
4b7b721b-5ca2-4c68-ae9a-8758429e68a9,Volkswagen,Corrado,1990,4850.30,2009-11-11
6a55a278-6c9d-43a3-8e1e-b3ddb5dddd98,Nissan,JUKE,2011,8351.35,2012-11-05
9a674cf3-1d74-4ecc-b9c8-6b38d1096df5,Lotus,Elise,2006,7601.95,2007-11-27
1d0b3643-eddf-4a74-baaa-ed7144aef6b1,Audi,V8,1992,7467.41,2015-05-15
28827aea-bf20-4b15-9bed-79b108ef11ef,Infiniti,I,2001,688.08,2008-04-06
bdb3d464-5b23-4475-8c5b-22273f39392e,Ford,Five Hundred,2006,5203.61,2019-03-01
2a9291a9-4f72-4bae-ae4f-8a7898de4a26,BMW,X6,2012,9244.75,2002-09-12
105bf0ce-0717-428c-a2d6-10ed3e54a98d,GMC,Sonoma Club Coupe,1994,1592.88,2014-12-01
4f2c9b2c-937e-4b8a-b5b7-cca658eb843b,Chevrolet,Silverado 3500,2008,8256.49,2004-02-12
162f2276-cc39-4af0-b802-df1686f7b1ad,GMC,Yukon XL 2500,2005,3571.98,2008-02-22
db5f7aa5-ec74-4e62-bc9c-e1abaaaba235,Dodge,Dakota,1997,6985.47,2005-06-12
7a9952aa-b163-4afe-9d53-d741614c98d9,Infiniti,QX,2011,7173.68,2006-05-30
66573186-76a1-485d-91fb-d4668b6bb3c2,Subaru,Loyale,1993,7674.71,2001-11-09
1813ddd6-c316-4535-b287-5b2b9f8ca55f,Ford,Focus,2012,7958.98,2008-06-25
f71c7f34-4221-405f-b505-e31afe927c94,Ford,Explorer Sport,2001,7214.19,2005-08-12
452a6e60-c0be-4609-a728-c39e5d081535,Chevrolet,3500,1999,8987.46,2017-11-07
4b0d7993-21ee-474b-b144-e36712e363f2,Acura,TL,2008,485.89,2009-12-27
0f3bdd0b-ff7c-4ff0-9524-704ff6cf6651,Ford,Econoline E350,1992,3503.05,2010-03-30
b6877a34-928a-4949-ab6c-234e0e33f8ce,Nissan,Altima,2013,2693.37,2012-08-09
c2628c36-56e3-41bb-80a7-ccf6b82e3eee,Dodge,Stratus,2003,2804.92,2014-09-02
612e2d2d-c848-492b-a784-7c1a47a3ba21,Jaguar,S-Type,2004,8844.77,2012-07-17
f3841d00-fb17-4d0b-94b9-19f3763e6850,Porsche,911,1996,4695.34,2012-06-29
56254147-c074-4e10-b790-4328701e7f8b,Hyundai,Tucson,2011,4171.41,2012-08-09
2e975644-affb-4043-a3a9-31fe4cfca549,Hummer,H1,1996,981.52,2012-07-12
adeb44b0-328f-4a4c-963e-329724a6a426,Maybach,62,2009,1494.29,2004-07-06
d1cd927e-f401-47c6-bab6-9ce9d1ade535,Volvo,S60,2012,6283.77,2016-12-04
b7b3e9d8-d2a4-4783-be5e-6d06308c4c14,Lincoln,Navigator,2010,3818.67,2013-05-19
2a63efa6-a20a-44fb-a9e8-371608957c1f,Chevrolet,Express 3500,1996,9812.88,2014-05-07
80744c2a-c204-4f54-b1d4-ef6788097087,Infiniti,G,2012,5420.76,2008-11-09
5ec44fdf-1608-4834-8bae-a8a815053726,Ford,F-Series,1996,9153.53,2014-07-05
82248cb7-59b8-46c6-aaa2-0b0ff857c98f,Lexus,GS,2000,1664.24,2016-08-01
e813f9c4-fb44-423f-aee7-634115a67f30,Suzuki,Aerio,2003,6797.45,2002-06-12
097dacdf-4770-4648-877a-de617c213968,Infiniti,QX,2004,1116.45,2002-04-25
9fd631d1-33a1-4b2b-b96f-c23aa23f09ba,Oldsmobile,Aurora,2003,863.80,2008-06-05
8f29fd0d-4641-4215-b0f0-0e58eb60d845,Ford,Escort,1988,6238.69,2001-10-11
8ab98399-2883-4986-aa9c-08298cdade95,Chevrolet,Silverado 1500,1999,7129.51,2008-05-06
a1b2ec87-4155-4ed5-be58-55b062c48a85,Lincoln,Navigator L,2007,5383.70,2008-02-13
af29dd85-164b-40da-bf4b-01fdd73ff21e,Acura,RL,2005,734.09,2011-10-28
5ae4bc70-4331-4794-b79f-0a0fd49898d8,Chevrolet,S10,1995,1713.99,2015-02-12
9f993816-a810-486f-8059-d577d86f86be,Audi,S6,2002,1930.56,2017-04-14
08b15988-5ed8-4267-a77f-8b04dcf50c19,GMC,2500 Club Coupe,1995,7401.18,2008-11-26
54583bbf-83ee-4956-866a-0c0f24748d2e,Mercury,Mystique,1995,1254.53,2003-12-19
55c655cf-80a0-4784-8b7b-f417783fc1d7,Toyota,Camry,2004,273.77,2009-08-23
2596b09a-1ece-4c26-84b3-d461e2bd8dbc,Volkswagen,Jetta,1999,9671.83,2006-06-11
ee6cf562-4123-47b0-a73b-f0c8c6278664,Chevrolet,Corvette,1972,664.71,2017-09-26
fb4ac8e4-3a7a-46b1-b3f7-7f9a629662f7,GMC,Jimmy,1998,4329.47,2005-04-14
b2a17a52-fb49-440f-892e-fc8944a5c698,Lincoln,Continental,1984,2154.26,2015-08-24
fde93b2e-c41d-4c72-8a62-d866a73e22c8,Cadillac,DTS,2006,7114.96,2014-06-17
5f1c2e13-03c7-44c2-bf1b-7b455c5a4f40,Lexus,ES,2002,5246.78,2002-09-28
28051290-8e6c-41a8-a5e1-031773de00ba,Chevrolet,Sportvan G20,1992,5533.06,2006-06-27
5439ac22-9ac1-4393-b6ca-a1a4477412b4,Mercedes-Benz,W201,1989,6774.47,2005-06-27
babeab9e-c543-4f5b-a96b-8ed39aad2027,GMC,Suburban 1500,1998,6905.50,2019-08-15
f683993a-3411-40de-88a4-d4c2700a33d7,GMC,Savana 1500,1997,6890.41,2014-09-20
f28ddba6-6bb4-4113-ac1f-a656b5b87adb,Buick,Regal,1995,4568.69,2008-03-12
7628d574-4fb9-4789-bb89-56d44e7452e9,Lincoln,Aviator,2004,235.41,2005-03-18
39e0aa38-6c73-4af9-a4ed-8c4945d1eb77,Mazda,Protege,2000,8795.17,2019-02-17
46dc43c3-6438-4e5b-8893-7f19b43ee0f6,Mercedes-Benz,SL-Class,2006,8795.62,2016-09-23
ef940ed8-6147-4057-905d-846f8b1c92f6,Dodge,Ram 2500,2000,2509.55,2007-08-02
e633d6bd-1550-4988-81d3-30c7308e0629,Mercedes-Benz,SLK-Class,2010,5390.44,2002-07-14
be807687-0c9a-4758-8d25-334b5c7e9b55,Lexus,LS,1998,7621.55,2006-07-02
7d690b0b-317e-412e-a305-157114a04927,Volkswagen,GTI,2003,6415.34,2017-09-27
93df0924-d9a1-47bb-a11d-8a283a38e900,BMW,5 Series,2010,7131.25,2012-11-01
bca8bb72-88a7-4ea8-8d20-387dda764636,Mitsubishi,Mirage,1988,6550.98,2008-01-29
60385b73-e91b-4a36-b9ef-d78eac451177,Suzuki,Aerio,2004,637.95,2002-01-19
b94d87bc-6635-4cae-a70e-01431637c203,Infiniti,M,2008,3249.00,2015-08-09
38986272-d0fe-4dc6-a07d-c6276e395e1a,Saturn,S-Series,1999,4839.15,2001-08-05
8c1a5f54-4ddc-48da-b1e4-1b11b1c6a6ae,Audi,100,1989,708.75,2016-01-20
56db9e96-1093-47f3-a755-d8b91e5fb801,Jeep,Wrangler,1995,9265.72,2009-10-30
01490b8f-625c-4526-b70a-e1a25ec6c33d,Saturn,S-Series,1998,4511.32,2008-12-20
737b861d-8d7e-4b0d-89d4-72db79e5058d,Saab,9-4X,2011,591.46,2017-09-25
f55d2d11-cb60-40a1-92f9-569998a98f3f,Kia,Optima,2012,3867.02,2010-11-04
2696ed49-040c-410a-a2e0-7c5ca72de702,Oldsmobile,Cutlass Supreme,1993,7727.57,2014-11-17
948e2c9d-e08a-42e9-8009-337b9ff4bae0,Kia,Spectra5,2006,3036.05,2006-02-02
9d847478-a9f0-438a-852a-431872774644,Toyota,Highlander,2005,3700.43,2003-05-03
3bc45b46-7b2f-4e2b-93f1-538154dfaa62,Kia,Soul,2012,6572.71,2013-12-26
669fe381-de10-4ed8-b212-1c0cd94cbcec,Buick,Riviera,1990,5554.47,2000-11-25
1fc64805-dce1-4970-8146-c1a9d580f810,Infiniti,QX,2011,5412.44,2002-06-02
44a61632-8a7f-42b1-9d97-369ecb927663,Chevrolet,G-Series 1500,1996,7935.22,2008-12-25
7bf9bca1-5b37-4fc6-81a4-72bfe1e7d453,Suzuki,Grand Vitara,2008,2853.08,2001-04-25
b80c4e3e-83d2-4abe-97ea-ffce709f4ab1,Honda,Ridgeline,2008,985.16,2012-08-04
e7730fb4-ac0d-4c0a-b28e-c9839466f845,Volvo,C70,2008,1917.04,2015-01-26
ba286881-d853-4066-aa13-7ad7de7d9b24,Ford,Bronco,1991,9893.78,2009-11-11
03380762-9a26-4b17-9ff1-44d3efdb7712,Saab,900,1992,6774.18,2004-03-21
876f109d-1835-4da4-acf7-0bff4e6ee989,Nissan,Versa,2008,4534.59,2001-07-10
09e44db0-c658-4cbd-80e1-d2071c085c76,Chevrolet,Astro,2003,4972.65,2002-05-28
f44b3f70-065b-4734-93ba-96b277572fc4,Ford,Taurus,2003,9592.64,2014-06-22
9e7da560-9472-45d9-a0a2-6dcfb7b69097,Infiniti,I,1996,236.98,2016-06-17
6f4bce85-6a5b-4d78-8ee7-5ad212aca250,Mitsubishi,Eclipse,2011,5453.27,2017-02-07
a7196a6d-fd6e-4141-bb2b-28fd25890856,Buick,Regal,1993,8959.31,2004-07-18
c33aa4fc-04f2-4728-abd5-3ebf4bfaf187,Volkswagen,Passat,2000,7609.01,2001-01-29
328a4239-34d3-4d15-8530-f4446a922fe4,Volvo,XC60,2010,9988.99,2002-07-20
20ba2ffc-00fc-4189-a9cf-33e132191012,GMC,Canyon,2011,3250.90,2017-11-21
928b5bd5-b73f-49a8-8487-6e630ac98eb2,Maybach,57,2005,5232.79,2005-07-22
dd462494-a1e1-49a9-a9d7-17c08f73b3c5,Isuzu,Ascender,2005,8822.38,2008-12-19
a4e7a3f5-eedc-47af-ba6e-34682d89d5bc,Dodge,Ram 1500,2009,3356.89,2002-09-08
38b7d37d-c7c4-4e27-b78c-3f7f7c9bf04d,Mazda,Mazda3,2010,7668.30,2001-06-12
5d65543e-b159-442c-a131-1fe59ca659aa,Toyota,Land Cruiser,2003,4772.81,2019-07-13
02ad23e5-8b90-4b4c-aaa7-3b1e2132d5be,Mitsubishi,Montero,1999,4632.39,2019-09-08
429368ed-e7d6-4ab8-ab36-4eeaa5d968c7,Audi,100,1989,1644.57,2013-05-08
0194bdef-54d8-444e-8a44-bf1f351900e1,Infiniti,I,1996,563.62,2000-10-28
aad02a5e-1964-42f4-a9b3-d3005ab031ea,Saab,9-3,2007,4271.43,2016-03-21
14a44e8d-b591-44c2-bebf-ac88703442b0,Nissan,Sentra,2004,777.22,2004-04-08
2ae51c7d-fa68-407e-b2cb-98779d6947a5,Pontiac,Firebird,2001,8551.00,2017-11-27
3aa71f0e-9002-4d85-8ffb-268705d865be,Toyota,Sienna,2002,3185.05,2008-04-12
01085278-50f4-4e03-9bbc-a80654881b47,Isuzu,Oasis,1999,9001.20,2003-02-27
7b1e599b-c00f-41b2-9c5b-1ba258a710ed,Acura,TL,2012,6205.28,2001-11-26
a96c9ef7-54e8-4ae3-bb37-daf8fa9fa5e9,Mercedes-Benz,G-Class,2012,2520.88,2010-06-22
303d7e3a-489d-43bb-9da6-4ae2950a0c55,Dodge,Ram 2500,2002,4979.45,2002-07-09
892ef389-a02b-4770-857e-3882c0c5c6de,BMW,7 Series,2000,9293.80,2019-04-18
83db8902-6b37-4aa9-ac08-1d56d066145e,BMW,Z3,2000,4082.34,2016-07-28
97fcde95-adba-4b22-aa00-8d77d260ec07,Cadillac,CTS,2006,6949.77,2005-02-13
363ee9dd-1d3e-41c8-9b60-07f0b2a04d59,BMW,X3,2011,3598.37,2004-02-26
51d24358-cf53-483d-b979-6fd03590d9cb,Toyota,Sienna,2003,4055.23,2016-07-11
5687ee4d-ebc7-4e70-b01e-3c83ad6fb482,Honda,CR-V,2011,7379.98,2005-06-17
77d61bb2-4418-4018-9139-2cb300c2f737,Pontiac,Grand Prix,2002,4860.26,2015-07-31
8b94a918-155c-4587-a457-63ee4b052380,Dodge,Stratus,2003,2678.96,2011-09-06
dc644b56-87eb-40fd-a09f-d56fedfc5336,Mercury,Mystique,2000,8296.65,2012-08-04
5a6b4fe8-ae43-4041-afe4-96313205df33,Buick,Skylark,1996,4872.11,2015-08-13
24a37e53-8ed3-49cc-bdbe-ff7d67e26c1e,Infiniti,Q,1997,9591.69,2003-03-22
d3e01622-c002-408d-b16b-4928a65d9f32,Plymouth,Prowler,1999,8083.37,2019-02-21
eef201e0-8625-4ab2-99b7-2b73bc23c9da,Subaru,XT,1986,6210.50,2003-06-18
6d551c78-976f-4b22-adfd-7698ea04cf2b,Porsche,Panamera,2010,7555.46,2004-05-11
ba2317c4-5208-4464-9be5-3ff773eb7f73,Chevrolet,Silverado 3500,2003,1852.35,2009-08-23
bbb472ce-4e7a-4643-91a2-66363ddb400e,Dodge,Caravan,1995,2416.39,2007-12-10
f226ae6f-9b87-429b-9292-db0841f55af8,Mercedes-Benz,Sprinter,2010,4666.61,2003-08-11
eb61c519-f810-49c1-8a5d-1bb97e3bec0b,Pontiac,Firebird,1997,3912.42,2018-06-15
662fa199-d9e3-46af-a785-1f3dba2a0357,Mazda,626,1988,9242.28,2004-10-08
4b2a72ba-ec7d-476f-94bb-86db5f541c3f,Honda,Element,2005,6493.13,2000-11-28
e0dc8942-f908-455c-a7f1-4645e48fc960,Suzuki,SJ 410,1986,2699.93,2018-01-03
6b82b7df-bdbd-449b-b52a-df6dcbcfa2dc,Mazda,Mazda5,2007,3773.11,2000-12-12
14826cd0-d544-4fc2-9d60-56ee8a789b42,Volkswagen,Fox,1987,8122.85,2005-07-25
06940263-8192-4783-8e95-f0ccea696465,Volkswagen,Type 2,1988,4382.81,2010-06-17
9e2ed87b-7397-4872-acad-8b11b7ea6656,Plymouth,Fury,1964,1537.42,2017-08-25
e46d8978-aef1-4d89-ac09-4fdaace5fe0d,Mazda,929,1994,484.25,2019-06-07
5fc09d43-773c-46e9-a28e-f3c23b14a9be,Ford,Ranger,1991,2903.23,2018-09-28
e55e4f98-e475-4605-b250-2698093c540f,Toyota,TundraMax,2012,7816.24,2008-08-18
6ed2a65b-22ae-4d0d-92aa-91954705ad0d,Chevrolet,Corvette,1989,3170.65,2010-11-26
1328e86a-c294-426e-b780-7052fc3b5e86,Ford,Taurus,2009,7891.03,2008-12-23
39011710-3793-4dc9-a657-1defe894c5e1,Ford,Explorer,2007,4772.12,2007-08-06
a7b690f9-23f6-4d38-a977-6a21d5bdaa27,BMW,X3,2005,9590.92,2008-02-28
c7a2fa5f-b3f2-4e8c-bf5e-59fff35835bf,Chevrolet,Blazer,1993,4258.05,2010-11-13
2f9806e7-cba1-4a2e-bb83-b356895ad9d3,Hyundai,Sonata,2005,4159.21,2004-08-15
cc224e10-6113-4447-a508-680084bb170a,Toyota,Celica,2002,6615.44,2010-05-07
183523ff-0479-4481-bf63-ca90ab7de2fd,Cadillac,Escalade,1999,6753.18,2012-02-28
e2e83c5c-74da-46f0-aa89-864023e63d1b,Ford,Escape,2007,7638.85,2011-03-17
baf2255b-1507-4014-a7f2-7045ae7dc045,Jaguar,S-Type,2000,3973.88,2007-06-15
bb68ed44-313d-4cc8-82c3-71345376ed71,Volkswagen,Passat,2004,9931.24,2008-10-24
e99ae9b7-6888-4ed7-b6fb-b27ec3f4715a,Ford,Econoline E150,1998,2301.78,2017-11-22
9b05d96c-e4e5-4fd3-a811-003a4d6010c2,Mazda,B-Series,1987,8664.75,2008-11-13
bcbf5116-a089-483f-831a-830c4e5ada39,Chrysler,300,2012,633.24,2006-08-09
0600cfc2-465f-46c2-bce7-8632ef86d8d1,Volkswagen,GTI,1989,3053.61,2017-04-25
bd54f476-9daa-4ccc-9c8d-ce4c3f8c6a9f,Kia,Spectra,2004,1056.30,2003-12-20
e5a1304f-c831-4281-8f82-f6453795cc76,Lotus,Elise,2011,7237.40,2006-10-09
2da7e783-b23e-4ada-909a-19ae9ad3f8ef,Mercedes-Benz,SL65 AMG,2006,2224.88,2005-11-29
80e4a5b0-241d-4ea5-99f0-766ab7d4d7b5,Subaru,Justy,1991,9608.00,2003-09-26
ea1a5002-f808-475c-870d-c86d621cd4f8,Mercury,Cougar,1969,5143.97,2001-07-11
9110a7e4-f781-4dca-b76f-e44783e9357b,Lincoln,Navigator L,2009,5601.41,2001-03-17
8d955a3a-3012-404d-9e2e-869cae89d790,Suzuki,Swift,2004,2974.12,2018-08-08
69ca604e-8899-481e-90ff-92a15ac29ef3,Nissan,370Z,2011,5075.86,2014-04-15
455c020c-1c99-4370-8c1a-14426b849e62,Ford,Ranger,1994,1314.68,2008-05-11
56b4fa48-4811-420b-a911-6789df61878d,Porsche,Boxster,2013,8294.35,2007-10-03
9ec61732-51f1-4040-a60d-cc2ddf98c0e3,Lexus,RX,2007,9776.77,2015-02-16
ad036258-1800-4f9a-b138-7191b0aa9da9,Nissan,Maxima,1998,3065.08,2003-11-29
68b9dd4f-1801-45c4-a356-6dbe566b795f,Mercury,Villager,1996,402.29,2003-11-21
7cf8073a-193a-427e-a5f9-07fb90ed22b6,Suzuki,Daewoo Lacetti,2006,5273.18,2011-11-19
ad010e8b-bb7f-4ef2-b294-860a2ac7bafe,Toyota,Land Cruiser,1999,8661.55,2004-12-04
0fbb2aed-d44f-4164-a82a-18274a97950e,Kia,Optima,2007,5470.45,2013-03-09
061e168d-ba42-4ba0-a886-a3b4b40f9874,Lexus,LS,1994,5180.22,2014-06-15
68309f78-6fb5-4d27-9dda-166359ee0a33,Oldsmobile,Bravada,2003,7913.01,2008-07-20
142de11e-2413-466f-b711-3365b2342f7d,Honda,Prelude,1994,3454.57,2006-12-20
7ecb1242-7c2a-4354-86a7-d14fcfaf64fd,Chevrolet,G-Series 1500,1998,5639.48,2010-03-03
c1aaa3b6-1dac-413a-86c3-d1cefe40e994,Suzuki,SJ,1995,6451.38,2003-03-29
47f53f3a-4a54-4e46-8288-451f10ae620c,Toyota,4Runner,2009,8450.01,2009-02-12
5c86de06-c48d-4a12-afcb-ef93c14bbd4f,Acura,TL,1999,7707.42,2003-04-19
d4492ef1-5619-492e-a88c-8ac626c886bb,Dodge,Ram Van 1500,1996,3177.70,2018-06-14
ad6c8f5b-b03a-4796-8446-5efb08275ba1,Chevrolet,Silverado 1500,2007,8840.67,2002-03-31
659c9532-9ee5-4bb7-8c95-ab8cd50b5437,Ford,Econoline E150,1999,2302.21,2013-01-04
6fb242d8-4d10-4e63-a588-301d5acb2a09,Nissan,NV3500,2012,4087.73,2002-08-18
6c26a4b7-23e3-451c-8455-91fb469bea2b,Chevrolet,Suburban 2500,2001,3955.63,2002-07-06
ae50a35d-4c93-4a64-9b8a-6dca543b217d,Buick,Regal,1998,8971.90,2011-09-23
91fea381-0d3a-4075-884d-a0d7f83116b9,Bentley,Continental GT,2009,8070.51,2007-08-10
2aabcf0c-fe9c-4bdf-8408-5b5a0c6169ea,Mazda,Protege,1994,7229.59,2008-05-03
fea459a7-30ac-4cc5-9146-b56b738cac7a,Mercury,Topaz,1984,3516.13,2013-12-11
0b6defd2-21d1-4cc2-91f3-943712c6e62b,Infiniti,M,2012,7353.74,2006-03-03
c9060b97-b2e3-4b42-8482-4bac6206ad5c,Mitsubishi,Montero Sport,1997,1496.58,2015-01-10
0673f03d-904e-4c93-9697-53afb74dc76b,Suzuki,Sidekick,1997,4661.43,2007-01-16
23d26142-83ee-4802-9ae4-646343cefe05,Chevrolet,Prizm,2002,3693.89,2016-09-17
363555c2-faac-40a1-b3f1-ef6fea62bb8e,Toyota,RAV4,2006,7507.02,2010-08-10
d38f5756-ac7c-4996-b002-fa5c61b30e4f,Toyota,4Runner,2000,3832.52,2011-04-03
83ea68a0-a5bc-46e7-8e71-80e1d1f2371d,Toyota,4Runner,2005,5001.95,2019-02-12
6d11a1c8-a10f-42a5-967b-da322857a3a9,Pontiac,Grand Am,1999,7049.90,2016-06-11
cdf6a2fd-9e94-424f-9114-467a65425cc5,Infiniti,M,2012,4360.25,2015-10-21
cd73b2d0-1fbf-4fac-be89-68a09eb96143,Oldsmobile,Bravada,2004,5386.96,2017-10-01
635a18ef-72a2-4aa6-a5d6-3090a44e9086,GMC,Envoy XUV,2004,8086.89,2009-12-29
270498f9-e5ae-48ef-ac0d-a163f379da64,Lexus,GS,2011,2940.90,2002-08-29
57b2a7f2-5c56-470c-b9a5-e31f526e4cec,Pontiac,Grand Am,2004,6643.55,2015-05-20
3672bac2-bbad-4332-8500-195bc8f73ea0,Pontiac,Daewoo Kalos,2005,9183.27,2002-06-06
8007d6e9-d313-4a0b-ac02-81a72be57165,Volkswagen,Fox,1987,7313.11,2018-01-02
299691dd-d75d-4112-9f16-58aaf58947ad,Mazda,B-Series,1996,5301.51,2007-12-10
ca3f6e0a-9ae2-4f7e-8e3f-c5fa4a6445f5,Toyota,Avalon,2012,5780.00,2017-09-14
100d40ce-51e0-497a-a063-f91e7e0a9d2a,Ford,Explorer Sport,2000,478.67,2012-03-18
df2421dd-a10b-45ad-be23-d009c8162d44,Pontiac,Grand Prix,1982,3211.99,2010-08-28
c28e7ccb-b1be-4461-81d3-aa5edfb8a3c8,Chevrolet,Corvette,1999,6774.45,2008-10-19
ae31fa17-9e39-40b0-806f-4537e8de13ed,Ford,Taurus,1987,6418.11,2017-03-04
d719c909-0682-4a34-9454-a43f9a4c2244,Pontiac,Firebird,1992,8771.71,2003-01-05
ca34bdcf-8eeb-4b63-b564-5498f319edbc,Chevrolet,Equinox,2006,1599.16,2011-02-16
092e14ef-289a-4fb8-a16a-4f4116969a34,Saturn,Outlook,2009,554.10,2008-04-13
49a74b98-8c38-4df0-ae2b-92e1c82c881d,Mercedes-Benz,GLK-Class,2011,4699.29,2007-09-03
48f70397-7c6d-41eb-b76c-f1748f7969ce,Saab,9-7X,2007,7489.88,2007-03-28
e99443d1-d8b1-4364-b772-726d97d04d24,Lincoln,Town Car,1987,9620.67,2005-07-01
20c95e39-403b-448f-90ec-93a91298c261,Mitsubishi,Galant,1993,1851.96,2003-07-10
b9a99d63-f94d-4f40-b594-c2078aff397f,Mercedes-Benz,S-Class,1988,3238.82,2005-05-06
74470a4e-e86b-4399-a619-588aa3db4a02,GMC,3500,1995,2314.31,2009-04-13
ac9c75f6-c1a2-4f1a-8e70-22e4e39e590d,Chevrolet,Cavalier,2004,7518.83,2006-03-08
75b00622-2ab9-4802-b57a-7c549a015a56,Isuzu,Stylus,1992,6282.62,2018-12-20
fe5c0568-1324-494d-9d55-380a38ce2e72,Peugeot,207,2006,4280.68,2018-01-22
e2098b98-5b20-4e7e-9847-6de6b259c24d,Volkswagen,GTI,1997,6330.93,2001-06-16
28a8f440-6f5b-491f-8760-0a7220e69cf8,Land Rover,Discovery,1998,9428.97,2018-11-23
79a103e0-d117-47e0-94bf-55763ef9a882,Mazda,Familia,1989,6340.88,2008-12-08
a4cbbd6f-2147-4569-adc4-e5d7ee31510d,Jaguar,S-Type,2002,6347.10,2011-09-29
b897734a-72a8-405e-ab05-197fb721fdaf,Maybach,Landaulet,2009,5800.87,2010-01-10
bc4259a6-33a8-422b-b4e1-0c9b5f2aed39,Dodge,D150,1993,106.78,2013-05-04
b0f16ab5-89c6-4fdd-93ab-6dc9f94beffc,BMW,3 Series,2001,5655.66,2010-06-29
939ccffd-3fb8-4d54-974a-9ecf926dac3e,Audi,A4,2002,6575.10,2016-03-27
7f5c1531-3ab2-46fc-966b-6c21438bd06b,Buick,Regal,1994,3456.36,2013-01-16
b91e340c-b750-4b86-9245-ff51f860ac0f,Volkswagen,New Beetle,2000,5364.24,2002-12-20
749f93ec-13cc-4519-bbd3-2cd8777a0ca9,Oldsmobile,Bravada,2004,4192.64,2002-02-19
7444a806-06aa-4511-bbd6-254e8688e43d,Mercury,Tracer,1991,7099.80,2008-11-04
a108b192-14aa-4a71-bb52-7e9509811d60,Dodge,Grand Caravan,2007,4054.33,2016-07-15
3f5d9b8c-e3cb-4bed-a34f-b4da1d0fbcad,Aston Martin,Rapide,2012,2789.31,2009-03-05
22d39baf-9058-4520-802b-9182f792d7a0,Volkswagen,Jetta,2000,1624.55,2007-01-14
